vol_label,vol_key,V_norm,p_norm_mean,p_norm_std
25%,v1,0.0,0.005998458495386948,0.004245242938631076
25%,v1,8.451423925614809e-06,0.01159612868942487,0.00950953637389183
25%,v1,1.6902847851229618e-05,0.018696321655726253,0.014689428728558837
25%,v1,2.5354271776844426e-05,0.021217576501686163,0.01571594141711969
25%,v1,3.3805695702459236e-05,0.024057581081647274,0.01534493852070963
25%,v1,4.225711962807405e-05,0.024367979237615887,0.013459101424110564
25%,v1,5.070854355368885e-05,0.022513239160589296,0.009564740823500936
25%,v1,5.915996747930366e-05,0.025034307352858127,0.009562556891088012
25%,v1,6.761139140491847e-05,0.029734295317711046,0.010962574278672133
25%,v1,7.606281533053328e-05,0.03131941008560852,0.013799643193206661
25%,v1,8.45142392561481e-05,0.02922668313989914,0.011538438395771459
25%,v1,9.29656631817629e-05,0.027498793294359725,0.009030867672187715
25%,v1,0.0001014170871073777,0.030329920307685658,0.007307044271502071
25%,v1,0.00010986851103299252,0.0329086742702381,0.007698022749036526
25%,v1,0.00011831993495860732,0.03433430994933278,0.009097092701645245
25%,v1,0.00012677135888422214,0.035328667670515575,0.010823067992480253
25%,v1,0.00013522278280983695,0.03590154015865284,0.009812997233177526
25%,v1,0.00014367420673545175,0.03645564119582392,0.008593800352564313
25%,v1,0.00015212563066106655,0.03650066772336992,0.0064503071726378924
25%,v1,0.00016057705458668138,0.0373143237158977,0.006454387233218715
25%,v1,0.0001690284785122962,0.03808092667570215,0.006488447271003379
25%,v1,0.000177479902437911,0.03884853712160478,0.006463299910616427
25%,v1,0.0001859313263635258,0.038914146718957585,0.005927971482640877
25%,v1,0.0001943827502891406,0.0408391521125259,0.005789948944615261
25%,v1,0.0002028341742147554,0.04649956727197015,0.01032281120522423
25%,v1,0.00021128559814037024,0.053210239301936905,0.01423838792317371
25%,v1,0.00021973702206598504,0.05743970446484766,0.016936145864256503
25%,v1,0.00022818844599159984,0.057850498422723474,0.014885118657022951
25%,v1,0.00023663986991721465,0.05766880623443592,0.013619008824572664
25%,v1,0.0002450912938428295,0.058346244605207334,0.012891960061204867
25%,v1,0.0002535427177684443,0.059638284226814914,0.012939421187603
25%,v1,0.0002619941416940591,0.062425652269037624,0.012851872924501389
25%,v1,0.0002704455656196739,0.06398848213728868,0.012796553230629257
25%,v1,0.0002788969895452887,0.0645713031397909,0.012540397114774969
25%,v1,0.0002873484134709035,0.06250283844448974,0.012969664972361168
25%,v1,0.0002957998373965183,0.060718613244748414,0.013318338930406338
25%,v1,0.0003042512613221331,0.05940288800952555,0.013745850203822959
25%,v1,0.0003127026852477479,0.05855737105964065,0.014253765144742546
25%,v1,0.00032115410917336277,0.058491243917094156,0.014319136941733309
25%,v1,0.00032960553309897757,0.0598781493815851,0.013402001751458264
25%,v1,0.0003380569570245924,0.0625164503430787,0.012041899871018136
25%,v1,0.0003465083809502072,0.06523005059071993,0.01113026895545982
25%,v1,0.000354959804875822,0.06671086486524291,0.011075541665807258
25%,v1,0.0003634112288014368,0.06715882195586295,0.011410611149626066
25%,v1,0.0003718626527270516,0.06703130475404284,0.011753900403985882
25%,v1,0.0003803140766526664,0.06676994579760952,0.012118966571094326
25%,v1,0.0003887655005782812,0.06804499265969613,0.012416151540157913
25%,v1,0.000397216924503896,0.068460629490398,0.015277384939918082
25%,v1,0.0004056683484295108,0.0727705558885957,0.01850977178283669
25%,v1,0.00041411977235512567,0.07745306148419101,0.021777326131845007
25%,v1,0.00042257119628074047,0.0853587309980699,0.021974335457902835
25%,v1,0.0004310226202063553,0.08835538616102705,0.021986693594721617
25%,v1,0.0004394740441319701,0.08792018789171231,0.02203426460533362
25%,v1,0.0004479254680575849,0.08414157025450893,0.02142228046345779
25%,v1,0.0004563768919831997,0.08067398285409011,0.020045128686021638
25%,v1,0.0004648283159088145,0.07704246485581036,0.016441325079884665
25%,v1,0.0004732797398344293,0.07270826651277543,0.012106114251089943
25%,v1,0.0004817311637600441,0.06763001700258475,0.007870725424022663
25%,v1,0.000490182587685659,0.06455016705265784,0.007500031411354012
25%,v1,0.0004986340116112738,0.06526339349589942,0.008461457860139996
25%,v1,0.0005070854355368886,0.06954364567314276,0.009372046052125311
25%,v1,0.0005155368594625034,0.0773886330213916,0.01005621140974207
25%,v1,0.0005239882833881182,0.08374395606959101,0.011527696624613854
25%,v1,0.000532439707313733,0.08966031821312453,0.01325476262848582
25%,v1,0.0005408911312393478,0.09198812749960145,0.012690536070839286
25%,v1,0.0005493425551649626,0.09410794568053372,0.011149848156411504
25%,v1,0.0005577939790905774,0.0936356245678207,0.010989854581817437
25%,v1,0.0005662454030161922,0.09240579839872927,0.012007479675796181
25%,v1,0.000574696826941807,0.09307715617210155,0.013839324358942333
25%,v1,0.0005831482508674218,0.09607792914770226,0.01502131934083811
25%,v1,0.0005915996747930366,0.10048105400025466,0.016994864599762276
25%,v1,0.0006000510987186514,0.10174818116194603,0.017548507396071725
25%,v1,0.0006085025226442662,0.1006795020405717,0.016067250741707173
25%,v1,0.000616953946569881,0.09830209992952435,0.012508862848061663
25%,v1,0.0006254053704954958,0.097140164269787,0.010255928140529632
25%,v1,0.0006338567944211107,0.0972987171865168,0.009489185684047781
25%,v1,0.0006423082183467255,0.0968796946593576,0.010330428850799322
25%,v1,0.0006507596422723403,0.09620788082776636,0.011497508635417661
25%,v1,0.0006592110661979551,0.09757936532020946,0.01382611199855026
25%,v1,0.00066766249012357,0.1004416822601147,0.014773063726612948
25%,v1,0.0006761139140491848,0.10364700703841474,0.014913035930846006
25%,v1,0.0006845653379747996,0.10728158642665567,0.012348142024296557
25%,v1,0.0006930167619004144,0.11007717169216842,0.010423548484424415
25%,v1,0.0007014681858260292,0.11114680383523164,0.008796590549510555
25%,v1,0.000709919609751644,0.10862420219093263,0.008806073312491211
25%,v1,0.0007183710336772588,0.10635808813134603,0.008464290523279095
25%,v1,0.0007268224576028736,0.10710420351054312,0.007642193328421155
25%,v1,0.0007352738815284884,0.10720121573034269,0.006582400392736161
25%,v1,0.0007437253054541032,0.10733236304724916,0.005798609165591288
25%,v1,0.000752176729379718,0.10581932358427801,0.005663473450366873
25%,v1,0.0007606281533053328,0.10614305560822969,0.005459813637112225
25%,v1,0.0007690795772309476,0.10869971731120874,0.006841063776379043
25%,v1,0.0007775310011565624,0.11111197093231066,0.008237973064344243
25%,v1,0.0007859824250821772,0.11304413506781637,0.009849862677305986
25%,v1,0.000794433849007792,0.11300974883438017,0.009691574168458882
25%,v1,0.0008028852729334068,0.11372373770721146,0.009834480878327877
25%,v1,0.0008113366968590216,0.1151861009237115,0.010381257964169026
25%,v1,0.0008197881207846365,0.11622016223511722,0.011997100279901583
25%,v1,0.0008282395447102513,0.11453270484521628,0.012673514411692205
25%,v1,0.0008366909686358661,0.11463291174942944,0.01388767397408396
25%,v1,0.0008451423925614809,0.11725817262983154,0.014294448544231547
25%,v1,0.0008535938164870957,0.12415005232010728,0.014253278533272951
25%,v1,0.0008620452404127105,0.1275911634310368,0.013331366908004521
25%,v1,0.0008704966643383254,0.12773523475205964,0.0157073640402467
25%,v1,0.0008789480882639402,0.12464235392322971,0.019376434928211783
25%,v1,0.000887399512189555,0.12152072610094497,0.023365482437270005
25%,v1,0.0008958509361151698,0.11825707105025876,0.02456643764763079
25%,v1,0.0009043023600407846,0.12102203383974906,0.023662158154125947
25%,v1,0.0009127537839663994,0.12421904860639758,0.02236721961058794
25%,v1,0.0009212052078920142,0.12802097120114186,0.021018456768020437
25%,v1,0.000929656631817629,0.1283787075795555,0.01992245943004425
25%,v1,0.0009381080557432438,0.1275875604555817,0.019666374654408854
25%,v1,0.0009465594796688586,0.12698793849092832,0.019002968147214666
25%,v1,0.0009550109035944734,0.12607470169894794,0.019107798507033383
25%,v1,0.0009634623275200882,0.12882030534818417,0.018609850765497045
25%,v1,0.000971913751445703,0.13253781854154847,0.01808847526380608
25%,v1,0.000980365175371318,0.1350723999552893,0.018428776736287254
25%,v1,0.0009888165992969326,0.13839409456758725,0.018212572146120664
25%,v1,0.0009972680232225475,0.14221629345836362,0.019463893557526306
25%,v1,0.0010057194471481622,0.1460147158571591,0.020965371042211047
25%,v1,0.0010141708710737771,0.14714812466632454,0.023043163403680317
25%,v1,0.0010226222949993918,0.14784842106195892,0.023049238398568494
25%,v1,0.0010310737189250067,0.14898564262298788,0.02275175578547511
25%,v1,0.0010395251428506214,0.14997845841912386,0.022695374379420177
25%,v1,0.0010479765667762363,0.15005523880315752,0.02367853100520347
25%,v1,0.001056427990701851,0.1482717334682821,0.023441939629837764
25%,v1,0.001064879414627466,0.1445894907108262,0.020101450468271935
25%,v1,0.0010733308385530806,0.1424556172624629,0.01720397750243402
25%,v1,0.0010817822624786956,0.14426985730205638,0.01827998935498279
25%,v1,0.0010902336864043105,0.14841582425822616,0.02159715245512413
25%,v1,0.0010986851103299252,0.15025336364869793,0.023722973941916355
25%,v1,0.00110713653425554,0.1480952897260606,0.023793819899149637
25%,v1,0.0011155879581811548,0.14582565755781718,0.023575720273590985
25%,v1,0.0011240393821067697,0.1446375335577151,0.022970462587999653
25%,v1,0.0011324908060323844,0.1456063752048583,0.021274183920591796
25%,v1,0.0011409422299579993,0.14849306275968913,0.01971409961214572
25%,v1,0.001149393653883614,0.15198277928034312,0.01826779849815088
25%,v1,0.001157845077809229,0.15533767687395458,0.016459901038715526
25%,v1,0.0011662965017348436,0.15704904339405723,0.01438131742456764
25%,v1,0.0011747479256604585,0.15788900053086236,0.012231044251414698
25%,v1,0.0011831993495860732,0.15808633127966767,0.010464673749862556
25%,v1,0.0011916507735116881,0.1577409816643337,0.009263211242401197
25%,v1,0.0012001021974373028,0.15506080206152684,0.010687346617867454
25%,v1,0.0012085536213629177,0.15120618725237467,0.014625949327710929
25%,v1,0.0012170050452885324,0.14915054318286458,0.018815376467528254
25%,v1,0.0012254564692141473,0.15183308216789682,0.021307014146269322
25%,v1,0.001233907893139762,0.15956147272137786,0.018067344195381144
25%,v1,0.001242359317065377,0.16361920520533432,0.015517158086429528
25%,v1,0.0012508107409909916,0.16645386460568565,0.012836370008874285
25%,v1,0.0012592621649166066,0.16423096700207973,0.016974406667997665
25%,v1,0.0012677135888422215,0.16623379496637614,0.02070422809403905
25%,v1,0.0012761650127678362,0.16970911172504877,0.02330471319190598
25%,v1,0.001284616436693451,0.1743245248549307,0.021400720919715614
25%,v1,0.0012930678606190658,0.17498698033925672,0.018216362175027454
25%,v1,0.0013015192845446807,0.17139774763820612,0.015120723327866547
25%,v1,0.0013099707084702954,0.16725250046065687,0.014161467383572516
25%,v1,0.0013184221323959103,0.16605994311091102,0.016098425123043516
25%,v1,0.001326873556321525,0.1680438558281242,0.02061789095346342
25%,v1,0.00133532498024714,0.16913702475035827,0.021763702964238334
25%,v1,0.0013437764041727546,0.1689349770130357,0.02059520668126424
25%,v1,0.0013522278280983695,0.1674043525444725,0.01756299731975489
25%,v1,0.0013606792520239842,0.17038690942846665,0.015992150657600984
25%,v1,0.0013691306759495991,0.1727125836811105,0.014469322380289673
25%,v1,0.0013775820998752138,0.17382566448340106,0.013691325219411262
25%,v1,0.0013860335238008287,0.17384789302371564,0.013204953426771797
25%,v1,0.0013944849477264434,0.17669635550034077,0.015444827213075133
25%,v1,0.0014029363716520583,0.1832779197163324,0.020338160237477636
25%,v1,0.001411387795577673,0.18507554114308344,0.021520992058182732
25%,v1,0.001419839219503288,0.18532742166418828,0.02185021419893729
25%,v1,0.0014282906434289026,0.18181147635002895,0.018073924703907698
25%,v1,0.0014367420673545175,0.1803980798736492,0.018359692556250834
25%,v1,0.0014451934912801325,0.18146797521773259,0.017693957455079422
25%,v1,0.0014536449152057472,0.18380752897884756,0.01826410836539356
25%,v1,0.001462096339131362,0.18776881354984848,0.019757584344737476
25%,v1,0.0014705477630569768,0.18907542968682478,0.021613780357525193
25%,v1,0.0014789991869825917,0.19125652001218302,0.023128615388089063
25%,v1,0.0014874506109082064,0.19624586137909283,0.02174641977324165
25%,v1,0.0014959020348338213,0.2015880961510357,0.018894093174358525
25%,v1,0.001504353458759436,0.2032089699166665,0.018500649062601193
25%,v1,0.0015128048826850509,0.19623872789100444,0.02416630727976709
25%,v1,0.0015212563066106656,0.18744014169232395,0.030048494996973867
25%,v1,0.0015297077305362805,0.18175927482086565,0.03273880022536188
25%,v1,0.0015381591544618952,0.18153355660051962,0.031158971264925783
25%,v1,0.00154661057838751,0.18430038365095247,0.02792808696612882
25%,v1,0.0015550620023131248,0.18918240319124868,0.023932987702938405
25%,v1,0.0015635134262387397,0.1938345842039084,0.020368928432126242
25%,v1,0.0015719648501643544,0.1967711919479298,0.01854205058340027
25%,v1,0.0015804162740899693,0.19897693734411645,0.01932326544332885
25%,v1,0.001588867698015584,0.20155275930607955,0.01955705604760096
25%,v1,0.001597319121941199,0.20413454098560777,0.019695818311576293
25%,v1,0.0016057705458668136,0.20453962001197235,0.01865580576239003
25%,v1,0.0016142219697924285,0.20401208848906194,0.018409179552222727
25%,v1,0.0016226733937180432,0.20196501399358663,0.018859172289620058
25%,v1,0.0016311248176436581,0.19877507154265728,0.020107313536772923
25%,v1,0.001639576241569273,0.199269690577668,0.01913192127790896
25%,v1,0.0016480276654948878,0.20226017588060852,0.01610920529184997
25%,v1,0.0016564790894205027,0.20614158207543262,0.011424845044711423
25%,v1,0.0016649305133461174,0.20601711141618317,0.008028850781617148
25%,v1,0.0016733819372717323,0.20657712365703684,0.008803389571269698
25%,v1,0.001681833361197347,0.2077544247027857,0.010419919813693152
25%,v1,0.0016902847851229619,0.20963029739273528,0.012932441544644836
25%,v1,0.0016987362090485766,0.21012821796868222,0.012936276174604862
25%,v1,0.0017071876329741915,0.21070889269066234,0.013613078578698364
25%,v1,0.0017156390568998062,0.20990150342527616,0.016612957349679162
25%,v1,0.001724090480825421,0.20788286811978995,0.022387007310696858
25%,v1,0.0017325419047510358,0.2061742878574576,0.026698583527533782
25%,v1,0.0017409933286766507,0.20513452889395087,0.026370746431288058
25%,v1,0.0017494447526022654,0.20759047507218417,0.021824678119155717
25%,v1,0.0017578961765278803,0.2089005531411556,0.018049809892702582
25%,v1,0.001766347600453495,0.2117062824667559,0.016289916898673727
25%,v1,0.00177479902437911,0.21247930598264694,0.016037091156950747
25%,v1,0.0017832504483047246,0.21423530234747684,0.016047053761851237
25%,v1,0.0017917018722303395,0.2154328913603562,0.016672045303182736
25%,v1,0.0018001532961559542,0.21769242519365203,0.018408819277817536
25%,v1,0.0018086047200815691,0.22012600934981977,0.019288226656683123
25%,v1,0.001817056144007184,0.22235676823459688,0.019475567346424666
25%,v1,0.0018255075679327987,0.2227772896199646,0.01814580587655842
25%,v1,0.0018339589918584137,0.2227833134077386,0.017096926804455032
25%,v1,0.0018424104157840284,0.22275171252983464,0.016101116580358225
25%,v1,0.0018508618397096433,0.22272011078514864,0.015108917911440799
25%,v1,0.001859313263635258,0.22075725905202667,0.01649750903237778
25%,v1,0.0018677646875608729,0.21754703387071414,0.0177686893384122
25%,v1,0.0018762161114864876,0.21368609766628413,0.01900367184537678
25%,v1,0.0018846675354121025,0.21217044251525813,0.018447752111711402
25%,v1,0.0018931189593377172,0.21374214850746714,0.020055751131271626
25%,v1,0.001901570383263332,0.21620499122569561,0.021533713536333196
25%,v1,0.0019100218071889468,0.21964330065886606,0.021681537350352133
25%,v1,0.0019184732311145617,0.22110776150015898,0.019916536695842185
25%,v1,0.0019269246550401764,0.2221979357681685,0.018450494556907605
25%,v1,0.0019353760789657913,0.22293080498644227,0.016997702130039566
25%,v1,0.001943827502891406,0.22492976531012332,0.015075062560691499
25%,v1,0.001952278926817021,0.22800594830268647,0.013201426903136205
25%,v1,0.001960730350742636,0.23157833953827978,0.014021215400408335
25%,v1,0.0019691817746682505,0.23309000941089508,0.01628847441804824
25%,v1,0.0019776331985938652,0.2324459632472004,0.019918123811868138
25%,v1,0.0019860846225194803,0.2265722328649622,0.02285089323644811
25%,v1,0.001994536046445095,0.22961411387119599,0.027709149553777967
25%,v1,0.0020029874703707097,0.23129025451863267,0.02821233697223563
25%,v1,0.0020114388942963244,0.23576132383429638,0.026929660630060324
25%,v1,0.0020198903182219396,0.23312815084340552,0.022659739233861796
25%,v1,0.0020283417421475543,0.23359764186143192,0.02106686009259283
25%,v1,0.002036793166073169,0.23844224434218156,0.016453649169106296
25%,v1,0.0020452445899987837,0.2396460943986167,0.01509515082052637
25%,v1,0.0020536960139243988,0.24049815845769437,0.01422335297281526
25%,v1,0.0020621474378500135,0.2382663350736762,0.017308383980265084
25%,v1,0.002070598861775628,0.23917725646930485,0.017553961806423806
25%,v1,0.002079050285701243,0.24119928236121088,0.016697682572927298
25%,v1,0.002087501709626858,0.24382541642187697,0.01448114032128008
25%,v1,0.0020959531335524727,0.24885218660144695,0.0094274224255669
25%,v1,0.0021044045574780874,0.2521233106553672,0.006282031176108572
25%,v1,0.002112855981403702,0.2539336998330895,0.0058305985664320326
25%,v1,0.002121307405329317,0.25248683019311696,0.009583546078800843
25%,v1,0.002129758829254932,0.2509758263319545,0.01343557370820483
25%,v1,0.0021382102531805466,0.2498656146526246,0.015518308982846566
25%,v1,0.0021466616771061613,0.24908277614466542,0.015747602019786693
25%,v1,0.0021551131010317764,0.24869145085419272,0.014702451584418953
25%,v1,0.002163564524957391,0.24822671056190504,0.013667669101170852
25%,v1,0.002172015948883006,0.24881733046350765,0.01391321873150529
25%,v1,0.002180467372808621,0.2511834846668409,0.015285279249609464
25%,v1,0.0021889187967342356,0.2539478688000145,0.015798946063174193
25%,v1,0.0021973702206598503,0.25624325898483385,0.014466653911996393
25%,v1,0.002205821644585465,0.2573113444603916,0.01540908752326093
25%,v1,0.00221427306851108,0.25906129417483853,0.018966768432202727
25%,v1,0.002222724492436695,0.26131265483289373,0.022419033604711872
25%,v1,0.0022311759163623096,0.26288665698561886,0.022739224565673212
25%,v1,0.0022396273402879243,0.2609339035967232,0.023567655769617918
25%,v1,0.0022480787642135394,0.25850680651568275,0.0249592537465377
25%,v1,0.002256530188139154,0.2568222718445029,0.02610131640480384
25%,v1,0.0022649816120647688,0.25819783204321406,0.02513986426275611
25%,v1,0.0022734330359903835,0.259728730544451,0.025092221844859378
25%,v1,0.0022818844599159986,0.26160912455392604,0.02570232007937072
25%,v1,0.0022903358838416133,0.2643821760178715,0.026432661636983004
25%,v1,0.002298787307767228,0.26835985218589586,0.02463462102451467
25%,v1,0.0023072387316928427,0.2708913036787746,0.021035546647620754
25%,v1,0.002315690155618458,0.2735988169873025,0.018777866942668985
25%,v1,0.0023241415795440725,0.2738770670381105,0.019924921138701538
25%,v1,0.002332593003469687,0.2737465421441114,0.02486290929764671
25%,v1,0.002341044427395302,0.2739883673964947,0.029274319747343507
25%,v1,0.002349495851320917,0.2731179278103875,0.028988279501372668
25%,v1,0.0023579472752465317,0.27425178676032197,0.02683127209667513
25%,v1,0.0023663986991721464,0.2731230143473537,0.025236780091494302
25%,v1,0.0023748501230977615,0.2730661513478464,0.0277093989974365
25%,v1,0.0023833015470233762,0.27190692352135104,0.028534644680744032
25%,v1,0.002391752970948991,0.27077825704101877,0.02758759972206887
25%,v1,0.0024002043948746056,0.27155711949756023,0.025215289095925953
25%,v1,0.0024086558188002208,0.27568082941819083,0.02591342877800191
25%,v1,0.0024171072427258355,0.281633132830591,0.02741237105981039
25%,v1,0.00242555866665145,0.2878249867569576,0.028026102877695847
25%,v1,0.002434010090577065,0.29037207839848633,0.026859980845786068
25%,v1,0.00244246151450268,0.2909780919250739,0.025452060353664197
25%,v1,0.0024509129384282947,0.2896431964535559,0.025777948412480083
25%,v1,0.0024593643623539094,0.2881835116312842,0.026173960185380103
25%,v1,0.002467815786279524,0.2865794438666107,0.026632623418366773
25%,v1,0.002476267210205139,0.2848309931595356,0.027141823704720222
25%,v1,0.002484718634130754,0.28306294886081257,0.02766241441458251
25%,v1,0.0024931700580563686,0.28042443591660643,0.026906362674391362
25%,v1,0.0025016214819819833,0.27959797015920435,0.023896189631080245
25%,v1,0.0025100729059075984,0.2810425766826071,0.021417187378098914
25%,v1,0.002518524329833213,0.28541662222139297,0.02049027879895137
25%,v1,0.002526975753758828,0.2892741862772198,0.02173435079412996
25%,v1,0.002535427177684443,0.2919778331907158,0.02247801631331102
25%,v1,0.0025438786016100576,0.29373967041995347,0.023065313951974687
25%,v1,0.0025523300255356723,0.29499832599197634,0.024177690330072166
25%,v1,0.002560781449461287,0.2958650476993091,0.025728375849316552
25%,v1,0.002569232873386902,0.29598304770103806,0.02713815796601488
25%,v1,0.002577684297312517,0.29607926088780073,0.02780905401531007
25%,v1,0.0025861357212381315,0.2964139690538556,0.027598256510227837
25%,v1,0.0025945871451637462,0.2946122435008813,0.02323008193837075
25%,v1,0.0026030385690893614,0.2968292695392095,0.02309657561436046
25%,v1,0.002611489993014976,0.29971114552039996,0.0218381768348859
25%,v1,0.0026199414169405908,0.3008357041029698,0.028337611766957954
25%,v1,0.0026283928408662055,0.30090103195974355,0.02654698112114916
25%,v1,0.0026368442647918206,0.29828054081653127,0.02686861675930623
25%,v1,0.0026452956887174353,0.2986234072470668,0.02377848525719438
25%,v1,0.00265374711264305,0.29528887648373303,0.024603684537690188
25%,v1,0.0026621985365686647,0.2930643194277477,0.02442459328265165
25%,v1,0.00267064996049428,0.2918630678847282,0.024235085711351464
25%,v1,0.0026791013844198945,0.2913044937423727,0.02498404757719729
25%,v1,0.002687552808345509,0.29496302920876505,0.026982463655819373
25%,v1,0.002696004232271124,0.29717734563329445,0.02920718299182403
25%,v1,0.002704455656196739,0.29996523012822235,0.030461360936326416
25%,v1,0.0027129070801223537,0.2998657615389821,0.03066011942460033
25%,v1,0.0027213585040479684,0.3034679435500271,0.029473855045417264
25%,v1,0.0027298099279735835,0.30817765466905667,0.027868680671352043
25%,v1,0.0027382613518991982,0.310534496600554,0.02813189874949314
25%,v1,0.002746712775824813,0.30920216426487535,0.031067395802972703
25%,v1,0.0027551641997504276,0.3063014867030841,0.03569951795798067
25%,v1,0.0027636156236760427,0.3055556180401924,0.03723688261047714
25%,v1,0.0027720670476016574,0.3078801872039399,0.03566205935650265
25%,v1,0.002780518471527272,0.30686017932951415,0.03173511420023478
25%,v1,0.002788969895452887,0.30549791507031987,0.027617207759016306
25%,v1,0.002797421319378502,0.30255144173872195,0.023900911241399557
25%,v1,0.0028058727433041167,0.3036165561947326,0.021961382677410227
25%,v1,0.0028143241672297314,0.30570655979628725,0.02239710943759513
25%,v1,0.002822775591155346,0.3123641937321024,0.020036097303559406
25%,v1,0.002831227015080961,0.3181332092599584,0.019414265043449067
25%,v1,0.002839678439006576,0.3218137189933549,0.019692258593432526
25%,v1,0.0028481298629321906,0.3198855271588281,0.02500878103421673
25%,v1,0.0028565812868578053,0.31828916698589216,0.027387704467005863
25%,v1,0.0028650327107834204,0.3201522282787765,0.024023000882633847
25%,v1,0.002873484134709035,0.3198220050324912,0.018727180430412306
25%,v1,0.00288193555863465,0.31752708886759407,0.011424178960528397
25%,v1,0.002890386982560265,0.31553441471405835,0.010044643221718006
25%,v1,0.0028988384064858796,0.31953347971943535,0.011461733267907444
25%,v1,0.0029072898304114943,0.3255113704139391,0.015868677452387858
25%,v1,0.002915741254337109,0.3301974525674372,0.019810799069434257
25%,v1,0.002924192678262724,0.33252869201741814,0.022238396430086974
25%,v1,0.002932644102188339,0.3343789481414498,0.02427807479886446
25%,v1,0.0029410955261139535,0.33472365014422567,0.024231237872004197
25%,v1,0.0029495469500395682,0.3348035934544056,0.022817011148428486
25%,v1,0.0029579983739651834,0.33503049308052796,0.020918314728695563
25%,v1,0.002966449797890798,0.334370349912511,0.019041239569483222
25%,v1,0.0029749012218164127,0.331951491757974,0.018442145421161737
25%,v1,0.0029833526457420274,0.33109399613273305,0.017069073876395665
25%,v1,0.0029918040696676426,0.3336085636766607,0.016554152238452663
25%,v1,0.0030002554935932573,0.3389526816579137,0.016429736779965193
25%,v1,0.003008706917518872,0.33730013086449073,0.01994781642407083
25%,v1,0.0030171583414444867,0.3338635106818903,0.021207562269566913
25%,v1,0.0030256097653701018,0.3281270464626138,0.02292707340458546
25%,v1,0.0030340611892957165,0.3267174752352316,0.023874352904834157
25%,v1,0.003042512613221331,0.32569692728263266,0.02533895909496453
25%,v1,0.003050964037146946,0.3272930570652619,0.024080952186978186
25%,v1,0.003059415461072561,0.33071441951689107,0.020518149994216143
25%,v1,0.0030678668849981757,0.3331223345426429,0.017894315374459
25%,v1,0.0030763183089237904,0.33737309918648645,0.01477105958169631
25%,v1,0.0030847697328494055,0.3410325087667999,0.011277363093484873
25%,v1,0.00309322115677502,0.34414774035567386,0.008543170704618857
25%,v1,0.003101672580700635,0.3436880699568158,0.00876575807168168
25%,v1,0.0031101240046262496,0.3427034013456168,0.011359039334722033
25%,v1,0.0031185754285518647,0.3420372859731926,0.014746401542768411
25%,v1,0.0031270268524774794,0.3379555582235265,0.0184443920113546
25%,v1,0.003135478276403094,0.33467706680046533,0.021462332348496215
25%,v1,0.003143929700328709,0.3318070108608859,0.024271784351548448
25%,v1,0.003152381124254324,0.33347324576912024,0.02377075129798719
25%,v1,0.0031608325481799386,0.3356752332323716,0.021263326952786932
25%,v1,0.0031692839721055533,0.33928436329754813,0.018182971229404776
25%,v1,0.003177735396031168,0.3432986488234647,0.017058692484545616
25%,v1,0.003186186819956783,0.3467916201532226,0.016939998750336024
25%,v1,0.003194638243882398,0.3488918872399138,0.015993979115173865
25%,v1,0.0032030896678080126,0.35017370547594234,0.014348131650138396
25%,v1,0.0032115410917336273,0.3492744465368912,0.015866900243336663
25%,v1,0.0032199925156592424,0.3485207482396705,0.01799260370701514
25%,v1,0.003228443939584857,0.34828582291418997,0.020513198166859252
25%,v1,0.0032368953635104718,0.34828070728025723,0.018921216383957398
25%,v1,0.0032453467874360865,0.3484179419063247,0.01672539219825633
25%,v1,0.0032537982113617016,0.34972309461177686,0.013123574386943128
25%,v1,0.0032622496352873163,0.35036011790675814,0.010168917931965112
25%,v1,0.003270701059212931,0.3470159184526694,0.01064115768360784
25%,v1,0.003279152483138546,0.3449952769923709,0.009050016290663015
25%,v1,0.003287603907064161,0.3508640397642658,0.01149623885484211
25%,v1,0.0032960553309897755,0.35848382036747845,0.009799532312208504
25%,v1,0.00330450675491539,0.3634519334335752,0.01097299404262543
25%,v1,0.0033129581788410053,0.3619146570709584,0.010887323050516493
25%,v1,0.00332140960276662,0.36224341578586033,0.012651647101705783
25%,v1,0.0033298610266922347,0.36264342502674357,0.014097064364568312
25%,v1,0.0033383124506178494,0.3637217259486655,0.009891663348664375
25%,v1,0.0033467638745434646,0.3640954562364748,0.0054284244494033
25%,v1,0.0033552152984690792,0.3637304348290164,0.0017110443266710356
25%,v1,0.003363666722394694,0.36378439422840997,0.0016277969284793433
25%,v1,0.0033721181463203086,0.3641226936235311,0.0013479031441782337
25%,v1,0.0033805695702459238,0.3642573532765699,0.0014903114020596779
25%,v1,0.0033890209941715385,0.36401756312867156,0.0018629897839952958
25%,v1,0.003397472418097153,0.3677055808682069,0.005336906747998157
25%,v1,0.003405923842022768,0.3692694100190287,0.007575316156051231
25%,v1,0.003414375265948383,0.37286603374390515,0.013112948096390083
25%,v1,0.0034228266898739977,0.37219526185263274,0.016814979173993463
25%,v1,0.0034312781137996124,0.37321105235356633,0.023011420672792066
25%,v1,0.0034397295377252275,0.3717564220839377,0.02716826703567953
25%,v1,0.003448180961650842,0.3745658790740724,0.022752556194111373
25%,v1,0.003456632385576457,0.3737676877616424,0.019488131241584487
25%,v1,0.0034650838095020716,0.37351507024605834,0.01506200881028602
25%,v1,0.0034735352334276867,0.36963725723014756,0.018111415134903792
25%,v1,0.0034819866573533014,0.3699220734599547,0.018894752511769006
25%,v1,0.003490438081278916,0.370173740191011,0.01971707126650874
25%,v1,0.003498889505204531,0.3705539777612612,0.019989501780587695
25%,v1,0.003507340929130146,0.3723418238392912,0.020451159346459493
25%,v1,0.0035157923530557606,0.3750480224329701,0.020618412620598405
25%,v1,0.0035242437769813753,0.3768711780446235,0.020496407226310367
25%,v1,0.00353269520090699,0.3765520022178054,0.019836443231265977
25%,v1,0.003541146624832605,0.37636059814433853,0.018571736478158452
25%,v1,0.00354959804875822,0.37684714900199134,0.017598742712342342
25%,v1,0.0035580494726838345,0.3781899246894815,0.01655360759302068
25%,v1,0.0035665008966094492,0.3776946718026704,0.014759174325914174
25%,v1,0.0035749523205350644,0.3753720457208183,0.011835644876928692
25%,v1,0.003583403744460679,0.37191271503830814,0.00886319387407157
25%,v1,0.0035918551683862938,0.36827264260464465,0.0070827523972671344
25%,v1,0.0036003065923119085,0.3674638935911518,0.006948358450698106
25%,v1,0.0036087580162375236,0.3678097606914617,0.008594394675053813
25%,v1,0.0036172094401631383,0.3683165202815954,0.01084200543602809
25%,v1,0.003625660864088753,0.3658264147754168,0.01188005958081066
25%,v1,0.003634112288014368,0.36135464728644623,0.010473178696101117
25%,v1,0.003642563711939983,0.3571401140470291,0.009368858416451464
25%,v1,0.0036510151358655975,0.3541999178175139,0.009953321867496754
25%,v1,0.003659466559791212,0.35250489419636505,0.01217948597553787
25%,v1,0.0036679179837168273,0.3508098705752161,0.014486265430993784
25%,v1,0.003676369407642442,0.3491148469540672,0.0168387415783568
25%,v1,0.0036848208315680567,0.34736623286977103,0.0192658291152906
25%,v1,0.0036932722554936714,0.3454890471819209,0.021697275181810232
25%,v1,0.0037017236794192865,0.3433403576902418,0.02392450882860938
25%,v1,0.0037101751033449012,0.34097375485788106,0.025895526443745338
25%,v1,0.003718626527270516,0.3387669766545448,0.028092528554275062
25%,v1,0.0037270779511961306,0.33436145853475485,0.02720558879324469
25%,v1,0.0037355293751217458,0.33364236114597845,0.03149837436747848
25%,v1,0.0037439807990473604,0.33241104981463343,0.035071582701768425
25%,v1,0.003752432222972975,0.3329385165816325,0.041110352563879834
25%,v1,0.00376088364689859,0.32933960079950836,0.04135084428699995
25%,v1,0.003769335070824205,0.32551018031254386,0.04126677645949048
25%,v1,0.0037777864947498197,0.32168075982557937,0.04118291456830313
25%,v1,0.0037862379186754344,0.31785133933861487,0.041099259874056895
25%,v1,0.0037946893426010495,0.3140219188516504,0.04101581364452778
50%,v3,0.0,-9.510914360225815e-05,0.0007243640462519399
50%,v3,6.979027329262081e-06,-0.0002853274308318545,0.002173092138720377
50%,v3,1.3958054658524162e-05,-0.000570654861688789,0.004346184277405311
50%,v3,2.0937081987786243e-05,-0.0008559822925457235,0.006519276416090272
50%,v3,2.7916109317048325e-05,-0.001141309723402658,0.008692368554775232
50%,v3,3.489513664631041e-05,-0.0014266371542595922,0.010865460693460194
50%,v3,4.1874163975572486e-05,-0.00403318170565517,0.009776164877282473
50%,v3,4.885319130483457e-05,-0.007555977859601306,0.007088446051301702
50%,v3,5.583221863409665e-05,-0.010587337097915749,0.004426778730005957
50%,v3,6.281124596335874e-05,-0.010530874415145405,0.004134621955925285
50%,v3,6.979027329262081e-05,-0.008991223688605455,0.00443026632337505
50%,v3,7.676930062188289e-05,-0.007376069402920018,0.0037522286179923945
50%,v3,8.374832795114497e-05,-0.0059605786701907556,0.003130909551497874
50%,v3,9.072735528040705e-05,-0.004626785210894033,0.002922866807873705
50%,v3,9.770638260966914e-05,-0.0034122785453304712,0.003290915871937234
50%,v3,0.00010468540993893122,-0.0024814992646627347,0.004144700057438076
50%,v3,0.0001116644372681933,-0.001897276158026976,0.005202864628654192
50%,v3,0.00011864346459745538,-0.0015666571103647462,0.006305809595685842
50%,v3,0.00012562249192671747,-0.0009032793125064346,0.007134659884624388
50%,v3,0.00013260151925597954,-1.0583620769265952e-05,0.005727964290283489
50%,v3,0.00013958054658524163,-0.0005780765541973679,0.004285481130549892
50%,v3,0.0001465595739145037,0.0010435275485741735,0.004812085827669724
50%,v3,0.00015353860124376579,0.0025820198534853645,0.007779259281231791
50%,v3,0.00016051762857302788,0.005576335850282364,0.01097160887944112
50%,v3,0.00016749665590228994,0.005931216375410344,0.01269595207302811
50%,v3,0.00017447568323155204,0.0061668413331145725,0.01448585727800535
50%,v3,0.0001814547105608141,0.004942835237414296,0.014274688749765079
50%,v3,0.0001884337378900762,0.002990857508404097,0.013043470131363212
50%,v3,0.00019541276521933829,0.0021848983809258874,0.012160644046173485
50%,v3,0.00020239179254860035,0.004066300338377354,0.013699959187992411
50%,v3,0.00020937081987786244,0.007057927779614891,0.01600835137020285
50%,v3,0.0002163498472071245,0.009451056936483107,0.017439619284350286
50%,v3,0.0002233288745363866,0.013326671387866139,0.02062606385995754
50%,v3,0.0002303079018656487,0.017594637049530043,0.022363015336424912
50%,v3,0.00023728692919491076,0.021615618213616142,0.022232438771066728
50%,v3,0.0002442659565241728,0.022458994245738124,0.01898893862318493
50%,v3,0.00025124498385343494,0.020868631526578387,0.01685952639172225
50%,v3,0.000258224011182697,0.01852954529451151,0.015555739291715333
50%,v3,0.00026520303851195907,0.01742056309815229,0.015116127345557801
50%,v3,0.0002721820658412212,0.01875747933347147,0.015389934860705789
50%,v3,0.00027916109317048326,0.02078525705936482,0.01674333364923465
50%,v3,0.0002861401204997453,0.021860651884002803,0.017195250177664486
50%,v3,0.0002931191478290074,0.02193921357879573,0.016632700434916794
50%,v3,0.0003000981751582695,0.01973290906506271,0.017099253481451523
50%,v3,0.00030707720248753157,0.018408316899761443,0.01725852580462768
50%,v3,0.00031405622981679364,0.0184738597532793,0.01648622920294513
50%,v3,0.00032103525714605576,0.02128673236984692,0.013550467480025577
50%,v3,0.0003280142844753178,0.02370335292574582,0.011405458412573595
50%,v3,0.0003349933118045799,0.02594832980007589,0.011418122625589019
50%,v3,0.000341972339133842,0.028255857453422677,0.01341116454619394
50%,v3,0.00034895136646310407,0.031047804297225083,0.01663056189901535
50%,v3,0.00035593039379236614,0.03373902966745379,0.020435471141778763
50%,v3,0.0003629094211216282,0.03657026903694686,0.024846563716589498
50%,v3,0.0003698884484508903,0.036188464503190174,0.024926643703953043
50%,v3,0.0003768674757801524,0.030060522648712777,0.019527670336580278
50%,v3,0.00038384650310941445,0.025169372664177337,0.016562551269481158
50%,v3,0.00039082553043867657,0.02643354367928032,0.01334039762928271
50%,v3,0.00039780455776793864,0.03377195772687011,0.013803426653198211
50%,v3,0.0004047835850972007,0.03949791947379622,0.010329500933928726
50%,v3,0.0004117626124264628,0.04199951481863502,0.010276353583535817
50%,v3,0.0004187416397557249,0.04378747498914089,0.010743086439716778
50%,v3,0.00042572066708498695,0.047151953082172654,0.00908258843498908
50%,v3,0.000432699694414249,0.046854453833592775,0.01021676849923517
50%,v3,0.00043967872174351113,0.04549293060336901,0.010939095246353815
50%,v3,0.0004466577490727732,0.041580873672420915,0.013807910997834105
50%,v3,0.00045363677640203527,0.042277764916118656,0.012637773004558036
50%,v3,0.0004606158037312974,0.04498565097449446,0.010539651304745679
50%,v3,0.00046759483106055945,0.04896342783824656,0.008134356835602246
50%,v3,0.0004745738583898215,0.05346343164277729,0.009989943706101716
50%,v3,0.0004815528857190836,0.05473826664261361,0.01081964099815856
50%,v3,0.0004885319130483456,0.05485451410292856,0.01178334999706951
50%,v3,0.0004955109403776078,0.05298545285389175,0.009607764732116357
50%,v3,0.0005024899677068699,0.052991663780225816,0.00961067160953
50%,v3,0.000509468995036132,0.05473293198115747,0.010209521091887275
50%,v3,0.000516448022365394,0.05621514705393118,0.010653895467137985
50%,v3,0.0005234270496946561,0.05732512385929736,0.010927481641175608
50%,v3,0.0005304060770239181,0.05679486100551286,0.010584412040923705
50%,v3,0.0005373851043531802,0.05662809134394762,0.009929111770779148
50%,v3,0.0005443641316824424,0.05707943850216203,0.009328309149131922
50%,v3,0.0005513431590117044,0.05785292418205734,0.009239722904425698
50%,v3,0.0005583221863409665,0.05857198590104134,0.01006676696012723
50%,v3,0.0005653012136702286,0.05934882097396334,0.011299157928791865
50%,v3,0.0005722802409994906,0.06032897604912478,0.012085987804109199
50%,v3,0.0005792592683287527,0.06161738608172798,0.012025170291305542
50%,v3,0.0005862382956580148,0.06272143016576819,0.011291978137978175
50%,v3,0.000593217322987277,0.0641820063830732,0.009992458362085316
50%,v3,0.000600196350316539,0.06628688709346446,0.00911650291189234
50%,v3,0.0006071753776458011,0.06873373350949112,0.00890095310380569
50%,v3,0.0006141544049750631,0.07237932117593768,0.013217070781949428
50%,v3,0.0006211334323043252,0.07280153965508195,0.015937008084896676
50%,v3,0.0006281124596335873,0.07178147012077606,0.018810522910942037
50%,v3,0.0006350914869628494,0.0693607200747948,0.01906148054171549
50%,v3,0.0006420705142921115,0.07190340236140237,0.019785883019318926
50%,v3,0.0006490495416213736,0.07799592060159567,0.01906299043392465
50%,v3,0.0006560285689506356,0.08567475129077431,0.016757640836500748
50%,v3,0.0006630075962798977,0.09212286505313551,0.015187290082989814
50%,v3,0.0006699866236091598,0.09375267744185024,0.01687385847467136
50%,v3,0.0006769656509384218,0.09065583074426566,0.018588701155550037
50%,v3,0.000683944678267684,0.08331083943429471,0.02022935553721227
50%,v3,0.0006909237055969461,0.07536545504386957,0.019753341135918537
50%,v3,0.0006979027329262081,0.06937630026661039,0.01767246399878938
50%,v3,0.0007048817602554702,0.06660899716794894,0.014808424204818042
50%,v3,0.0007118607875847323,0.06783256250688531,0.01171110161627432
50%,v3,0.0007188398149139943,0.07105633351371504,0.010698308619545205
50%,v3,0.0007258188422432564,0.07504870079234878,0.01131715347577931
50%,v3,0.0007327978695725186,0.07852919570827192,0.012662530141115975
50%,v3,0.0007397768969017806,0.0807966246415452,0.013944597827199996
50%,v3,0.0007467559242310427,0.08173324235397468,0.014782396139877326
50%,v3,0.0007537349515603048,0.0819255159748211,0.014860243405950064
50%,v3,0.0007607139788895668,0.08230911599472118,0.014463937318967593
50%,v3,0.0007676930062188289,0.08395256174524701,0.014559491513534362
50%,v3,0.000774672033548091,0.08723737201171661,0.015172263335851654
50%,v3,0.0007816510608773531,0.09025053267929385,0.01651808149686036
50%,v3,0.0007886300882066152,0.09093092040651642,0.016230081378139506
50%,v3,0.0007956091155358773,0.08882248802541376,0.014368530797380525
50%,v3,0.0008025881428651393,0.08594628163101635,0.0114535257042037
50%,v3,0.0008095671701944014,0.08426529446376642,0.00989372907444865
50%,v3,0.0008165461975236635,0.08472204397193646,0.00974040511095136
50%,v3,0.0008235252248529256,0.08697548119795374,0.009125027259134343
50%,v3,0.0008305042521821877,0.09005990163016558,0.007576814395573334
50%,v3,0.0008374832795114498,0.09096138667106266,0.007219589237972379
50%,v3,0.0008444623068407118,0.09227497544526583,0.008370748498088611
50%,v3,0.0008514413341699739,0.09262658784969824,0.010006135544801266
50%,v3,0.000858420361499236,0.09408762503359672,0.009951960825272778
50%,v3,0.000865399388828498,0.09406152159512378,0.009270934281828007
50%,v3,0.0008723784161577602,0.09417617123548444,0.008760360912471963
50%,v3,0.0008793574434870223,0.09512916346673586,0.008004395312916017
50%,v3,0.0008863364708162843,0.09844500992653711,0.007064589430233419
50%,v3,0.0008933154981455464,0.10181866943343926,0.006427949265378124
50%,v3,0.0009002945254748085,0.10455255247538518,0.006598945510665318
50%,v3,0.0009072735528040705,0.1051221474147158,0.007569643581701851
50%,v3,0.0009142525801333326,0.10697126193726289,0.007751108894669014
50%,v3,0.0009212316074625948,0.10839305569559489,0.007763356394133235
50%,v3,0.0009282106347918568,0.10947263529311049,0.00746213768076332
50%,v3,0.0009351896621211189,0.10896358835970499,0.0077737599458932525
50%,v3,0.000942168689450381,0.1089664068545783,0.008546705950974573
50%,v3,0.000949147716779643,0.10617173576777492,0.006584034787411293
50%,v3,0.0009561267441089051,0.1081051606313546,0.006779929056207179
50%,v3,0.0009631057714381672,0.1114093413628259,0.00780435866485942
50%,v3,0.0009700847987674293,0.1189115284095143,0.010332098156770638
50%,v3,0.0009770638260966913,0.12146401562469013,0.010574910955410964
50%,v3,0.0009840428534259535,0.12209125519797498,0.009273887803118733
50%,v3,0.0009910218807552156,0.121240026599949,0.009041336175158305
50%,v3,0.0009980009080844776,0.12049934323217033,0.008851858480447776
50%,v3,0.0010049799354137398,0.12119164047181437,0.010660524419936385
50%,v3,0.0010119589627430017,0.12188393842754355,0.012571129423969152
50%,v3,0.001018937990072264,0.1225762370993579,0.014561060230017606
50%,v3,0.0010259170174015259,0.12135490760373045,0.014820513991731548
50%,v3,0.001032896044730788,0.11926497739247284,0.015345037997091457
50%,v3,0.0010398750720600502,0.11670475158948619,0.01606593204879538
50%,v3,0.0010468540993893122,0.11550388592749544,0.016843356253089647
50%,v3,0.0010538331267185743,0.11679040419560814,0.0169240917791301
50%,v3,0.0010608121540478363,0.12125432655422734,0.01793144302049645
50%,v3,0.0010677911813770985,0.12576138890339242,0.018249316896562846
50%,v3,0.0010747702087063604,0.12949814248572633,0.0185392423532338
50%,v3,0.0010817492360356226,0.13026183009069234,0.018407465471137356
50%,v3,0.0010887282633648848,0.1309404785355172,0.019265517604696122
50%,v3,0.0010957072906941467,0.1327561165869892,0.02000396466614533
50%,v3,0.001102686318023409,0.1363553163461619,0.019286214010529337
50%,v3,0.0011096653453526709,0.1403794668717951,0.01709067653359874
50%,v3,0.001116644372681933,0.14185357684831312,0.015471285090308253
50%,v3,0.001123623400011195,0.14047253469591306,0.016122955084595297
50%,v3,0.0011306024273404572,0.13644727566947487,0.018563313266868504
50%,v3,0.0011375814546697193,0.13435512185655418,0.020368705473741946
50%,v3,0.0011445604819989813,0.1349690446621328,0.02030587647525852
50%,v3,0.0011515395093282435,0.13801223348023198,0.019477385388437653
50%,v3,0.0011585185366575054,0.14026643660317437,0.019474764323868594
50%,v3,0.0011654975639867676,0.14163329542618577,0.0199942641066642
50%,v3,0.0011724765913160295,0.1423609784039918,0.02075788223810625
50%,v3,0.0011794556186452917,0.14297812899852358,0.021773223857857783
50%,v3,0.001186434645974554,0.14235129314971917,0.02155779271067241
50%,v3,0.0011934136733038159,0.1401840468381593,0.019610538697988286
50%,v3,0.001200392700633078,0.13980746025985186,0.018319298987930673
50%,v3,0.00120737172796234,0.14260196680672424,0.01895518319382626
50%,v3,0.0012143507552916022,0.14864538827308757,0.019584097938647405
50%,v3,0.0012213297826208641,0.15222731188792377,0.01960836003479508
50%,v3,0.0012283088099501263,0.1531161813422686,0.019258964410273947
50%,v3,0.0012352878372793885,0.15142771257351711,0.02066526310922497
50%,v3,0.0012422668646086504,0.1494300927601043,0.021970306537032316
50%,v3,0.0012492458919379126,0.14720625748390292,0.023196227106518474
50%,v3,0.0012562249192671745,0.14577328477232263,0.024311181985239887
50%,v3,0.0012632039465964367,0.14616119495203603,0.02500684824178456
50%,v3,0.001270182973925699,0.14836998802304308,0.025330540587925488
50%,v3,0.0012771620012549609,0.15079847767374513,0.025859434963564288
50%,v3,0.001284141028584223,0.1535293635721119,0.02554763923079492
50%,v3,0.001291120055913485,0.15441729967248657,0.023785004370083247
50%,v3,0.0012980990832427472,0.15427260972184673,0.020299864957947462
50%,v3,0.0013050781105720091,0.15193365003382056,0.016754937574087546
50%,v3,0.0013120571379012713,0.1507686762574446,0.015365834269817337
50%,v3,0.0013190361652305335,0.1507776883927189,0.016070400474028232
50%,v3,0.0013260151925597954,0.15228239613069888,0.018204988672222706
50%,v3,0.0013329942198890576,0.1542786585757668,0.01984108046822921
50%,v3,0.0013399732472183195,0.15786352441774348,0.02006713576006547
50%,v3,0.0013469522745475817,0.16082356482581478,0.021342104648264883
50%,v3,0.0013539313018768437,0.16160498175104596,0.022012059155889534
50%,v3,0.0013609103292061058,0.15795587177328735,0.01987108537329822
50%,v3,0.001367889356535368,0.1546631041529746,0.01705819450757647
50%,v3,0.00137486838386463,0.15306170823128032,0.01582963470295688
50%,v3,0.0013818474111938922,0.15551982650804333,0.018075804153641465
50%,v3,0.0013888264385231541,0.15746408358888137,0.02021099624708859
50%,v3,0.0013958054658524163,0.15694700593720723,0.01807019674247199
50%,v3,0.0014027844931816782,0.15560846390130348,0.015959619500811102
50%,v3,0.0014097635205109404,0.15623797621342292,0.014439967454082252
50%,v3,0.0014167425478402026,0.159290552179863,0.017202813381335284
50%,v3,0.0014237215751694645,0.16211374507557755,0.02226818169593828
50%,v3,0.0014307006024987267,0.16299593435128945,0.025649491846402132
50%,v3,0.0014376796298279887,0.1634295842372885,0.027438591361339946
50%,v3,0.0014446586571572508,0.1632139833408283,0.026538009821820738
50%,v3,0.0014516376844865128,0.16401667924624827,0.024692910900485945
50%,v3,0.001458616711815775,0.1659172472306458,0.021975014470749
50%,v3,0.0014655957391450372,0.16898389964701258,0.01857080005899732
50%,v3,0.0014725747664742991,0.16821410325487368,0.018456303983181325
50%,v3,0.0014795537938035613,0.16889692504045808,0.01826557881946338
50%,v3,0.0014865328211328232,0.16993799231197018,0.018983688057416223
50%,v3,0.0014935118484620854,0.17422290845074134,0.017203065508134312
50%,v3,0.0015004908757913474,0.17632962491829132,0.016146764194117855
50%,v3,0.0015074699031206095,0.17814476676267138,0.01367401578573275
50%,v3,0.0015144489304498717,0.1802413592810193,0.010836164775957217
50%,v3,0.0015214279577791337,0.18233796864127558,0.00804015788690574
50%,v3,0.0015284069851083958,0.18529008372876798,0.007150883314916684
50%,v3,0.0015353860124376578,0.18705435549191943,0.009095772179277655
50%,v3,0.00154236503976692,0.18757244682887575,0.013760802494686588
50%,v3,0.001549344067096182,0.18640524220608456,0.01804497609615324
50%,v3,0.001556323094425444,0.18615161517288306,0.019442800935161316
50%,v3,0.0015633021217547063,0.186663578684634,0.017797406973349555
50%,v3,0.0015702811490839682,0.18666429468031456,0.015637933576714783
50%,v3,0.0015772601764132304,0.18612384642229016,0.014308913411210456
50%,v3,0.0015842392037424924,0.18630327251368686,0.014317008447845487
50%,v3,0.0015912182310717545,0.18616748908631311,0.015926161281021787
50%,v3,0.0015981972584010165,0.18571981032587434,0.01870496347670201
50%,v3,0.0016051762857302787,0.18834148403047044,0.018623059191489166
50%,v3,0.0016121553130595408,0.19406385585036073,0.017726862622670925
50%,v3,0.0016191343403888028,0.19888806462444442,0.016042899295483786
50%,v3,0.001626113367718065,0.19745792664390263,0.015522865027850202
50%,v3,0.001633092395047327,0.19331295701947696,0.01582043317350419
50%,v3,0.001640071422376589,0.19135410087400095,0.017694903660865183
50%,v3,0.0016470504497058513,0.1933707421739862,0.018759730409938585
50%,v3,0.0016540294770351132,0.1958694103623156,0.018593960330004065
50%,v3,0.0016610085043643754,0.1979447072915508,0.017013567902347725
50%,v3,0.0016679875316936374,0.19959934907232516,0.01837367473106393
50%,v3,0.0016749665590228995,0.19985012320281628,0.018794663535750076
50%,v3,0.0016819455863521615,0.19904577751841002,0.01733200609809296
50%,v3,0.0016889246136814237,0.19783097141009234,0.01480843211665184
50%,v3,0.0016959036410106858,0.1981466110439936,0.013314021103128688
50%,v3,0.0017028826683399478,0.20067956281770924,0.012290231539153235
50%,v3,0.00170986169566921,0.20612271924287126,0.011230414031184464
50%,v3,0.001716840722998472,0.21132596614141758,0.009712587878775143
50%,v3,0.001723819750327734,0.2152536892803669,0.008638664860992563
50%,v3,0.001730798777656996,0.21603129824125408,0.0072299299951219375
50%,v3,0.0017377778049862582,0.21561642925822924,0.007507640638740876
50%,v3,0.0017447568323155204,0.21406530294070622,0.009391093228495273
50%,v3,0.0017517358596447824,0.21268758916928238,0.011031621924960962
50%,v3,0.0017587148869740445,0.21267576588786977,0.010753098053401102
50%,v3,0.0017656939143033065,0.21497866699293905,0.009781662382146877
50%,v3,0.0017726729416325687,0.21444282576652854,0.007894404748164933
50%,v3,0.0017796519689618306,0.2169483666390259,0.007619631863782236
50%,v3,0.0017866309962910928,0.2193194125421174,0.0078293870483178
50%,v3,0.001793610023620355,0.2225704984351868,0.011194043973680609
50%,v3,0.001800589050949617,0.22231470375825355,0.013912617757325767
50%,v3,0.001807568078278879,0.22000514009114278,0.016235654998337127
50%,v3,0.001814547105608141,0.21807676466742898,0.018519103040347935
50%,v3,0.0018215261329374032,0.2154357027764543,0.02199574895179029
50%,v3,0.0018285051602666652,0.21380436039616474,0.023515547121895748
50%,v3,0.0018354841875959274,0.21292000022297233,0.021783541924675232
50%,v3,0.0018424632149251895,0.21233345761396358,0.016840892700494048
50%,v3,0.0018494422422544515,0.2119146743674281,0.01257103479429328
50%,v3,0.0018564212695837137,0.21372590708239148,0.009062533087541305
50%,v3,0.0018634002969129756,0.21605563190878474,0.007897991602390353
50%,v3,0.0018703793242422378,0.2181586152642698,0.007966160479155382
50%,v3,0.0018773583515714998,0.21874653310960981,0.009056278846257931
50%,v3,0.001884337378900762,0.2194527781974505,0.00927744112064767
50%,v3,0.001891316406230024,0.22081963891262607,0.009100200131081891
50%,v3,0.001898295433559286,0.22407038794042305,0.008041123725295285
50%,v3,0.0019052744608885482,0.22764656772083405,0.008409718474051224
50%,v3,0.0019122534882178102,0.2284975993590609,0.007075408157734252
50%,v3,0.0019192325155470724,0.22716076845259553,0.009247038000923712
50%,v3,0.0019262115428763343,0.22572704063733495,0.01232780115375339
50%,v3,0.0019331905702055965,0.2273838323694122,0.01847326764814977
50%,v3,0.0019401695975348587,0.22833444323333604,0.020759050279209493
50%,v3,0.0019471486248641206,0.22733575596184039,0.018713129561473026
50%,v3,0.0019541276521933826,0.22620512385400518,0.015053364641184704
50%,v3,0.001961106679522645,0.22707975651793041,0.012067102049974875
50%,v3,0.001968085706851907,0.23046265002148955,0.010864945374124009
50%,v3,0.001975064734181169,0.2318526332891402,0.010834176400483472
50%,v3,0.0019820437615104313,0.23103174823370043,0.012470283936458543
50%,v3,0.0019890227888396932,0.22857989846848537,0.015496017596222801
50%,v3,0.001996001816168955,0.22836179758294547,0.016292407908720167
50%,v3,0.002002980843498217,0.2304505093341315,0.015392244383659584
50%,v3,0.0020099598708274795,0.236402411729582,0.011965079384675793
50%,v3,0.0020169388981567415,0.243052139366522,0.010310914600005749
50%,v3,0.0020239179254860034,0.2464281243477041,0.011226696224686012
50%,v3,0.002030896952815266,0.24489792256387136,0.015533067567263527
50%,v3,0.002037875980144528,0.24134239805216123,0.01864669443278959
50%,v3,0.0020448550074737898,0.23966005495277035,0.019114886335108976
50%,v3,0.0020518340348030517,0.23968264222672642,0.01717744955570028
50%,v3,0.002058813062132314,0.2411725450137777,0.016715632587791806
50%,v3,0.002065792089461576,0.24309089942820764,0.01685205434928834
50%,v3,0.002072771116790838,0.24229165627246035,0.019531465985265423
50%,v3,0.0020797501441201004,0.24060337640526605,0.021609539792747576
50%,v3,0.0020867291714493624,0.23895121818762194,0.02402100582879124
50%,v3,0.0020937081987786243,0.23941118188395719,0.02332572832416462
50%,v3,0.0021006872261078863,0.23855877154494246,0.02101641932658713
50%,v3,0.0021076662534371487,0.23783860306264942,0.016739652880898882
50%,v3,0.0021146452807664106,0.24044743925865775,0.0167964449317942
50%,v3,0.0021216243080956726,0.24376332248390478,0.017826501723915
50%,v3,0.002128603335424935,0.2464553423710381,0.02012541055889262
50%,v3,0.002135582362754197,0.2466722252282805,0.01870097334213426
50%,v3,0.002142561390083459,0.24734460319331547,0.017021865338961537
50%,v3,0.002149540417412721,0.24830905095586292,0.01514301788989558
50%,v3,0.0021565194447419832,0.24892282289283876,0.013405264043524276
50%,v3,0.002163498472071245,0.24900587377913025,0.011969481146352335
50%,v3,0.002170477499400507,0.2494166453943341,0.011864848183545815
50%,v3,0.0021774565267297695,0.2507809095603408,0.013356631779163202
50%,v3,0.0021844355540590315,0.25299078932073027,0.016237496641438948
50%,v3,0.0021914145813882934,0.25468805727859634,0.018571521043296187
50%,v3,0.0021983936087175554,0.2556142453208579,0.019994855124523286
50%,v3,0.002205372636046818,0.25587722748646485,0.02067796182892928
50%,v3,0.0022123516633760798,0.25602983809827834,0.019058636447512278
50%,v3,0.0022193306907053417,0.25589366069165914,0.01408190408961716
50%,v3,0.002226309718034604,0.2547317527352971,0.007678217737318944
50%,v3,0.002233288745363866,0.2526511845100794,0.003426858168880938
50%,v3,0.002240267772693128,0.24983363775730236,0.00345299017228483
50%,v3,0.00224724680002239,0.24771984240047934,0.004922312032762345
50%,v3,0.0022542258273516524,0.24631310476345156,0.006673216019498319
50%,v3,0.0022612048546809143,0.2469932580123551,0.008156180744662702
50%,v3,0.0022681838820101763,0.24767341197743442,0.009554689998085746
50%,v3,0.0022751629093394387,0.24835356665868955,0.010878334843669391
50%,v3,0.0022821419366687006,0.24765061856239226,0.011560477456269048
50%,v3,0.0022891209639979626,0.24707981074416324,0.01239935871864032
50%,v3,0.0022960999913272245,0.2467509083842895,0.013514711060155855
50%,v3,0.002303079018656487,0.24638472656522567,0.014668583949803467
50%,v3,0.002310058045985749,0.2454884573837315,0.015362174312398589
50%,v3,0.002317037073315011,0.24395233565951996,0.015462579793217244
50%,v3,0.0023240161006442732,0.24205554631013648,0.015197063634392226
50%,v3,0.002330995127973535,0.240158756960753,0.014935543726006677
50%,v3,0.002337974155302797,0.2382619676113696,0.0146782336882553
50%,v3,0.002344953182632059,0.23636517619102973,0.01442536166188295
50%,v3,0.0023519322099613215,0.2359620320360458,0.015201802734409341
50%,v3,0.0023589112372905834,0.23651210303810283,0.01696862593873764
50%,v3,0.0023658902646198454,0.23801539126815735,0.019879444775758516
50%,v3,0.002372869291949108,0.23781824464384851,0.021595594462931286
50%,v3,0.0023798483192783697,0.23559676011093628,0.021180476681714574
50%,v3,0.0023868273466076317,0.23244944309853804,0.019713425468392002
50%,v3,0.0023938063739368937,0.2311788702085925,0.0191043972450608
50%,v3,0.002400785401266156,0.231765838189815,0.019165599405465843
50%,v3,0.002407764428595418,0.23311184161308807,0.01866731048541378
50%,v3,0.00241474345592468,0.23310082994637446,0.017687535214505005
50%,v3,0.0024217224832539424,0.23259822423183746,0.017419665261279894
50%,v3,0.0024287015105832043,0.23160402446947703,0.017864384517319906
50%,v3,0.0024356805379124663,0.23059170733544024,0.018351164393745678
50%,v3,0.0024426595652417282,0.2295793902014034,0.018853110335452214
50%,v3,0.0024496385925709906,0.22842446219596801,0.019241869625658166
50%,v3,0.0024566176199002526,0.22708713003787215,0.019477541665719664
50%,v3,0.0024635966472295145,0.22589526203348925,0.019096581936678833
50%,v3,0.002470575674558777,0.22513240120005212,0.0179818351833276
50%,v3,0.002477554701888039,0.22479459357765566,0.016150216691815662
50%,v3,0.002484533729217301,0.2245539731979465,0.014068477407439965
50%,v3,0.002491512756546563,0.22415758827279478,0.012140497979004712
50%,v3,0.002498491783875825,0.22369062226426095,0.010922434860105934
50%,v3,0.002505470811205087,0.22340607726689563,0.010754531623897504
50%,v3,0.002512449838534349,0.2232732407985589,0.011356614594138116
50%,v3,0.0025194288658636115,0.22296498871126827,0.011845171238068336
50%,v3,0.0025264078931928734,0.22222831657245312,0.01188829828305858
50%,v3,0.0025333869205221354,0.2212189602959846,0.011613734745788024
50%,v3,0.002540365947851398,0.22024874475204703,0.011368788473795468
50%,v3,0.0025473449751806597,0.21931766994064042,0.011149789841831187
50%,v3,0.0025543240025099217,0.21850232147323728,0.011085204782134279
50%,v3,0.0025613030298391837,0.21780619384788588,0.011228485138667662
50%,v3,0.002568282057168446,0.21722928706458636,0.011579448035373873
50%,v3,0.002575261084497708,0.2169174493850457,0.011898035129496325
50%,v3,0.00258224011182697,0.21730604936461914,0.012412806758423198
50%,v3,0.0025892191391562324,0.21985305495917198,0.011907247214666591
50%,v3,0.0025961981664854943,0.22320532531558612,0.011838637825162635
50%,v3,0.0026031771938147563,0.2268863898326695,0.012191510424333179
50%,v3,0.0026101562211440182,0.227723401776159,0.013667944183874325
50%,v3,0.0026171352484732806,0.22665419787817434,0.014834094689556182
50%,v3,0.0026241142758025426,0.22369024874340865,0.015526384741773465
50%,v3,0.0026310933031318045,0.22054643315025974,0.016336911052364896
50%,v3,0.002638072330461067,0.2175805786105751,0.017300867838167075
50%,v3,0.002645051357790329,0.21520266060641582,0.018071065432720725
50%,v3,0.002652030385119591,0.2166905131773083,0.01924496868117856
50%,v3,0.002659009412448853,0.21841943023944563,0.020021498972095292
50%,v3,0.002665988439778115,0.21974533249535577,0.020761643488896447
50%,v3,0.002672967467107377,0.21868346714136727,0.020244793154035202
50%,v3,0.002679946494436639,0.21868057920782275,0.019568506440379885
50%,v3,0.0026869255217659015,0.21915467768404437,0.018728810303861046
50%,v3,0.0026939045490951634,0.21867553264191472,0.018251208237390043
50%,v3,0.0027008835764244254,0.21724314408143386,0.017880793238534264
50%,v3,0.0027078626037536874,0.2156736068286903,0.01750278246164178
50%,v3,0.0027148416310829497,0.21424258773763635,0.017249827449188872
50%,v3,0.0027218206584122117,0.21315233938733372,0.01712152236388746
50%,v3,0.0027287996857414737,0.21240286177778242,0.01712950048668426
50%,v3,0.002735778713070736,0.21185563487008208,0.017160334924729268
50%,v3,0.002742757740399998,0.21173010157568734,0.017279123029216303
50%,v3,0.00274973676772926,0.21268427247582716,0.017151722880769903
50%,v3,0.002756715795058522,0.21471814944771236,0.017005360766074132
50%,v3,0.0027636948223877843,0.21581680561322406,0.01790462274435074
50%,v3,0.0027706738497170463,0.2152086743255163,0.01933009413586656
50%,v3,0.0027776528770463082,0.21372961201220664,0.01889732763807799
50%,v3,0.0027846319043755706,0.21310243808988472,0.01603091749896305
50%,v3,0.0027916109317048326,0.2134704035796084,0.01205397116210056
50%,v3,0.0027985899590340945,0.21373272000329174,0.00880619896808741
50%,v3,0.0028055689863633565,0.2141391549193112,0.006569191348105983
50%,v3,0.002812548013692619,0.2136674927752927,0.005921336965947248
50%,v3,0.002819527041021881,0.21258266562170464,0.007201581990098852
50%,v3,0.002826506068351143,0.21050531787118337,0.009587689434390893
50%,v3,0.002833485095680405,0.20842797012066214,0.012026607168166148
50%,v3,0.002840464123009667,0.20959360473144428,0.009914684092757494
50%,v3,0.002847443150338929,0.21119883243214804,0.007184281675172293
50%,v3,0.002854422177668191,0.21324365322277328,0.0038370386558216635
50%,v3,0.0028614012049974534,0.21403675400945402,0.006085471230690608
50%,v3,0.0028683802323267154,0.2152094785576568,0.00874370086060906
50%,v3,0.0028753592596559773,0.21676182854451373,0.011804145027609592
50%,v3,0.0028823382869852397,0.21714213784324848,0.013625300820318806
50%,v3,0.0028893173143145017,0.21752245290374864,0.015447705343749526
50%,v3,0.0028962963416437637,0.22043276889534283,0.01494582298078165
50%,v3,0.0029032753689730256,0.22367076597192587,0.014150764245300526
50%,v3,0.002910254396302288,0.226544005381392,0.012501138459344217
50%,v3,0.00291723342363155,0.2267680336920479,0.012151351743639327
50%,v3,0.002924212450960812,0.2265221981566665,0.011158091021912866
50%,v3,0.0029311914782900743,0.22609349213444443,0.010323573937378011
50%,v3,0.0029381705056193363,0.2252363722106143,0.009818405671384173
50%,v3,0.0029451495329485982,0.22397380783784732,0.009554479016818976
50%,v3,0.00295212856027786,0.2227112434650803,0.009290788544912058
50%,v3,0.0029591075876071226,0.22158498528955542,0.009216728344677438
50%,v3,0.0029660866149363845,0.2207495779414787,0.009347032779628115
50%,v3,0.0029730656422656465,0.22032635235966266,0.009643159895087622
50%,v3,0.002980044669594909,0.21909970058627248,0.011231234187787185
50%,v3,0.002987023696924171,0.22008892310096093,0.016839311046188046
50%,v3,0.0029940027242534328,0.22079963083558157,0.021090439506276572
50%,v3,0.0030009817515826947,0.22231112555072716,0.022685609913962755
50%,v3,0.003007960778911957,0.22099664865942859,0.0189079643110696
50%,v3,0.003014939806241219,0.21868187417903812,0.015363724392091986
50%,v3,0.003021918833570481,0.21567026500672348,0.012900336224052632
50%,v3,0.0030288978608997434,0.21491582131857256,0.011199466599473582
50%,v3,0.0030358768882290054,0.2156341481059432,0.012612987050046758
50%,v3,0.0030428559155582673,0.21777100380644843,0.014882388881126031
50%,v3,0.0030498349428875293,0.21931832277423957,0.017625710187942744
50%,v3,0.0030568139702167917,0.2210801968863861,0.017808818833672756
50%,v3,0.0030637929975460537,0.22268377161043668,0.0168069592424143
50%,v3,0.0030707720248753156,0.2231947763503061,0.015309711708471787
50%,v3,0.003077751052204578,0.22296517556346254,0.01405942842736293
50%,v3,0.00308473007953384,0.22211860244757684,0.013078757230798784
50%,v3,0.003091709106863102,0.22109630654560497,0.012356449039201215
50%,v3,0.003098688134192364,0.21997100882986045,0.011791587621111606
50%,v3,0.0031056671615216263,0.21896306522091938,0.011763729196529547
50%,v3,0.003112646188850888,0.21820111524997193,0.012450608008679575
50%,v3,0.00311962521618015,0.21801932803733756,0.013596358505292228
50%,v3,0.0031266042435094126,0.21796616954691145,0.014660403627707421
50%,v3,0.0031335832708386745,0.22018428747332688,0.017752516853075072
75%,v4,0.0,0.0011193773386141657,0.0011458342558681553
75%,v4,2.0464574700469704e-06,0.002999435829427259,0.0029867051850046844
75%,v4,4.092914940093941e-06,0.005223547641854638,0.005068431406179592
75%,v4,6.139372410140911e-06,0.006672335437282138,0.00631545710072626
75%,v4,8.185829880187882e-06,0.007704495402124997,0.007225111544106076
75%,v4,1.0232287350234852e-05,0.008736655366967855,0.008282241373723881
75%,v4,1.2278744820281822e-05,0.009768815331810714,0.009437178090329979
75%,v4,1.4325202290328793e-05,0.010800975296653572,0.010657637667877834
75%,v4,1.6371659760375763e-05,0.01182054437921935,0.01191819110055694
75%,v4,1.8418117230422735e-05,0.012714725008645168,0.013172066557799709
75%,v4,2.0464574700469704e-05,0.013483565937310248,0.014426475032369704
75%,v4,2.2511032170516673e-05,0.014139695994137455,0.015692833099270304
75%,v4,2.4557489640563645e-05,0.014795912749989665,0.01701032978990701
75%,v4,2.6603947110610617e-05,0.015452167452487656,0.018367842379595035
75%,v4,2.8650404580657586e-05,0.016108422154985643,0.019757016059261567
75%,v4,3.0696862050704555e-05,0.016764676857483635,0.021171562097138715
75%,v4,3.274331952075153e-05,0.017420931559981624,0.022606675960839512
75%,v4,3.47897769907985e-05,0.018077186262479616,0.024058646368024565
75%,v4,3.683623446084547e-05,0.018733440964977605,0.025524574174844994
75%,v4,3.8882691930892436e-05,0.01938969566747559,0.02700216959837711
75%,v4,4.092914940093941e-05,0.019964076366061474,0.02838168217365629
75%,v4,4.297560687098638e-05,0.019896172128568146,0.028923458602121453
75%,v4,4.5022064341033346e-05,0.0191859829549956,0.02862771350995666
75%,v4,4.706852181108032e-05,0.017915382849255944,0.027603466494750217
75%,v4,4.911497928112729e-05,0.01664478274351629,0.026590845483440356
75%,v4,5.116143675117426e-05,0.015374182637776639,0.025591234278670553
75%,v4,5.3207894221221234e-05,0.014103582532036987,0.024606222688543455
75%,v4,5.52543516912682e-05,0.012843988657718967,0.023637845090319912
75%,v4,5.730080916131517e-05,0.011709783236540903,0.02269878642224955
75%,v4,5.9347266631362144e-05,0.010700966268502794,0.021808350497748524
75%,v4,6.139372410140911e-05,0.009859162054403847,0.020917525565082862
75%,v4,6.344018157145609e-05,0.009172847760828514,0.01989639346802835
75%,v4,6.548663904150305e-05,0.008642023387776797,0.01874732966219444
75%,v4,6.753309651155002e-05,0.008214058403027863,0.01754611399645964
75%,v4,6.9579553981597e-05,0.007786093418278928,0.016445399656540224
75%,v4,7.162601145164396e-05,0.008154545450183893,0.01607010421678599
75%,v4,7.367246892169094e-05,0.009622064124116187,0.016771726026073148
75%,v4,7.571892639173791e-05,0.012188649440075814,0.01863379909010334
75%,v4,7.776538386178487e-05,0.015188540689931614,0.020929589282235327
75%,v4,7.981184133183185e-05,0.01808512169053707,0.023041190529796793
75%,v4,8.185829880187882e-05,0.019040560148955565,0.02253743662520599
75%,v4,8.390475627192578e-05,0.017924199756664344,0.019573811006231873
75%,v4,8.595121374197276e-05,0.015721858199667392,0.015295697519381299
75%,v4,8.799767121201973e-05,0.015594706780727713,0.013492768355474534
75%,v4,9.004412868206669e-05,0.017542745499845327,0.014218954850649272
75%,v4,9.209058615211367e-05,0.020814123228789328,0.016645174948883037
75%,v4,9.413704362216064e-05,0.02403361734987423,0.01939141499882202
75%,v4,9.618350109220761e-05,0.025884911079720636,0.02203065593858361
75%,v4,9.822995856225458e-05,0.026611129776543906,0.024099682537298803
75%,v4,0.00010027641603230155,0.026664189559777313,0.025650572046405865
75%,v4,0.00010232287350234852,0.027360662872588554,0.02723857412932079
75%,v4,0.00010436933097239549,0.02889583222250797,0.028840376885634712
75%,v4,0.00010641578844244247,0.03098757576417195,0.03027679411146341
75%,v4,0.00010846224591248943,0.03283017186760736,0.030841324271650542
75%,v4,0.0001105087033825364,0.03392407088757547,0.030898784886080312
75%,v4,0.00011255516085258338,0.03415136215786572,0.030474123118780408
75%,v4,0.00011460161832263034,0.03431751164866293,0.03001101716035333
75%,v4,0.00011664807579267731,0.03448366113946015,0.02954830283643318
75%,v4,0.00011869453326272429,0.03464981063025736,0.02908599884960608
75%,v4,0.00012074099073277125,0.03481596012105458,0.028624125094490124
75%,v4,0.00012278744820281822,0.034982109611851796,0.02816270275268433
75%,v4,0.00012483390567286518,0.03514825910264901,0.027701754396776256
75%,v4,0.00012688036314291218,0.03531440859344622,0.02724130410441245
75%,v4,0.00012892682061295914,0.03548055808424344,0.026781377583562076
75%,v4,0.0001309732780830061,0.035646707575040654,0.026322002310248085
75%,v4,0.00013301973555305307,0.035812857065837866,0.025863207680184557
75%,v4,0.00013506619302310004,0.03671292857269792,0.025951841210784532
75%,v4,0.00013711265049314703,0.03860519732739175,0.02685912833560957
75%,v4,0.000139159107963194,0.04148966332991935,0.02865938614215589
75%,v4,0.00014120556543324096,0.04463240456421788,0.030865162904474188
75%,v4,0.00014325202290328793,0.0474989022207135,0.032946316205933024
75%,v4,0.0001452984803733349,0.04829106378902165,0.032925140986527726
75%,v4,0.00014734493784338188,0.04700888926914233,0.030910842414827354
75%,v4,0.00014939139531342885,0.04509928135476007,0.027059484440535568
75%,v4,0.00015143785278347581,0.04528702503536917,0.024210380627398956
75%,v4,0.00015348431025352278,0.045834851400184465,0.024652297339452983
75%,v4,0.00015553076772356974,0.045572101333324344,0.028488231137977348
75%,v4,0.0001575772251936167,0.04420399421683952,0.03388922966567013
75%,v4,0.0001596236826636637,0.04436469133913716,0.0371310868482345
75%,v4,0.00016167014013371067,0.04605419270021727,0.038214575765676134
75%,v4,0.00016371659760375763,0.048640586438919386,0.03803364523452176
75%,v4,0.0001657630550738046,0.051226980177621506,0.037856092225706725
75%,v4,0.00016780951254385156,0.053704669812997784,0.03761772275096756
75%,v4,0.00016985597001389856,0.05595795236574076,0.03725948070437249
75%,v4,0.00017190242748394552,0.05724514027757201,0.03615560538799687
75%,v4,0.0001739488849539925,0.05763238509574251,0.03435373777447771
75%,v4,0.00017599534242403945,0.05723538979955975,0.031938448076691314
75%,v4,0.00017804179989408642,0.05679584194730214,0.029567968563422406
75%,v4,0.00018008825736413338,0.056890227249123286,0.026553811806895013
75%,v4,0.00018213471483418038,0.057291751620666145,0.02326492496969912
75%,v4,0.00018418117230422734,0.057693397389965574,0.020184369129546995
75%,v4,0.0001862276297742743,0.05756123140294282,0.01813038015678077
75%,v4,0.00018827408724432127,0.05732464982139005,0.01680252961780074
75%,v4,0.00019032054471436824,0.05764375498727176,0.01565443214333074
75%,v4,0.00019236700218441523,0.058518546900587935,0.01457726137973631
75%,v4,0.0001944134596544622,0.059746423483903445,0.013482790534841133
75%,v4,0.00019645991712450916,0.060974300067218955,0.01240963243601688
75%,v4,0.00019850637459455613,0.062202176650534464,0.011363919158569595
75%,v4,0.0002005528320646031,0.06343005323384998,0.010354099698763861
75%,v4,0.00020259928953465008,0.0646500590934814,0.009397507194557458
75%,v4,0.00020464574700469705,0.06434288530033039,0.009906630725260393
75%,v4,0.00020669220447474401,0.06250853185439693,0.012223861281257208
75%,v4,0.00020873866194479098,0.059676481164784044,0.015758381919229833
75%,v4,0.00021078511941483794,0.05891900090510055,0.017040530483925762
75%,v4,0.00021283157688488494,0.05965071356772343,0.01648676561058842
75%,v4,0.0002148780343549319,0.06111678195937181,0.014966922086824904
75%,v4,0.00021692449182497887,0.06176424733553518,0.014528696280835784
75%,v4,0.00021897094929502583,0.06217848720383652,0.014400049779615775
75%,v4,0.0002210174067650728,0.06217437463063681,0.013857569959672958
75%,v4,0.00022306386423511976,0.058351176087025246,0.01318952784864666
75%,v4,0.00022511032170516676,0.05487836343292694,0.012368474667397492
75%,v4,0.00022715677917521372,0.05269051097185574,0.011558267566106055
75%,v4,0.0002292032366452607,0.055188352232722435,0.010803273984987418
75%,v4,0.00023124969411530765,0.05820304510591437,0.010495292127973923
75%,v4,0.00023329615158535462,0.06143577738146164,0.011334319129645174
75%,v4,0.0002353426090554016,0.0654458119978787,0.013445499417955054
75%,v4,0.00023738906652544857,0.06965432310552347,0.016094145619266028
75%,v4,0.00023943552399549554,0.0736455699814555,0.018812523176831224
75%,v4,0.0002414819814655425,0.07686028968716035,0.02122806198330469
75%,v4,0.00024352843893558947,0.0790662763166544,0.022874150563814973
75%,v4,0.00024557489640563644,0.08008165001674496,0.023378164215246633
75%,v4,0.00024762135387568343,0.07990641078743206,0.02267655529758588
75%,v4,0.00024966781134573037,0.07935096063402894,0.021631509626314945
75%,v4,0.00025171426881577736,0.07879551128274546,0.020669145278873906
75%,v4,0.00025376072628582435,0.07824006402333618,0.019801448607783594
75%,v4,0.0002558071837558713,0.07768461885580108,0.01904124990895894
75%,v4,0.0002578536412259183,0.0771291749780205,0.018401713667093922
75%,v4,0.0002599000986959652,0.07657373110023992,0.017895578212372133
75%,v4,0.0002619465561660122,0.07601828722245933,0.017534181453854526
75%,v4,0.0002639930136360592,0.07546284334467876,0.01732638697969534
75%,v4,0.00026603947110610614,0.07490739946689817,0.017277607671118553
75%,v4,0.00026808592857615314,0.0743519555891176,0.0173891494437864
75%,v4,0.0002701323860462001,0.07338382726479105,0.018104538642697943
75%,v4,0.00027217884351624707,0.07198975603581217,0.019465914677942994
75%,v4,0.00027422530098629406,0.07040585221534616,0.021381429514531723
75%,v4,0.000276271758456341,0.06904480024993899,0.023368084838424282
75%,v4,0.000278318215926388,0.06820587644945318,0.02499788766605143
75%,v4,0.00028036467339643493,0.06792273036222213,0.02599015533576832
75%,v4,0.0002824111308664819,0.06870953704471892,0.02699371414515764
75%,v4,0.0002844575883365289,0.0705433988618292,0.02870668209502145
75%,v4,0.00028650404580657585,0.0731545559520544,0.03147399463895847
75%,v4,0.00028855050327662284,0.07325385950037247,0.03094328607728813
75%,v4,0.0002905969607466698,0.07023096356849734,0.02645052411217804
75%,v4,0.0002926434182167168,0.06672974072057891,0.02124816205211651
75%,v4,0.00029468987568676377,0.06552516471516616,0.019044441115224218
75%,v4,0.0002967363331568107,0.06696446127390332,0.020152974260685384
75%,v4,0.0002987827906268577,0.06847497770280722,0.021297464356554417
75%,v4,0.00030082924809690464,0.0708528714721188,0.022391296585797072
75%,v4,0.00030287570556695163,0.074098142581838,0.023518893409099243
75%,v4,0.00030492216303699857,0.0781395711617981,0.02476454757007383
75%,v4,0.00030696862050704556,0.0821809997417582,0.026267952038723136
75%,v4,0.00030901507797709255,0.08579029289465567,0.027783442958720508
75%,v4,0.0003110615354471395,0.0884972109571399,0.02903385710465222
75%,v4,0.0003131079929171865,0.09030175392921085,0.029969610515436798
75%,v4,0.0003151544503872334,0.09134647073151675,0.03044632052628237
75%,v4,0.0003172009078572804,0.09167858938719224,0.030211071218617287
75%,v4,0.0003192473653273274,0.09129810989623731,0.02924680975723159
75%,v4,0.00032129382279737434,0.0904946187650664,0.027849347450531886
75%,v4,0.00032334028026742134,0.08969112883146803,0.02646995970349764
75%,v4,0.0003253867377374683,0.08888764168627511,0.025111639267769006
75%,v4,0.00032743319520751527,0.08808415732948764,0.02377801719156466
75%,v4,0.00032947965267756226,0.0872806745635331,0.022473517103608297
75%,v4,0.0003315261101476092,0.08647719179757854,0.021203545517899956
75%,v4,0.0003335725676176562,0.085673709031624,0.019974720998754594
75%,v4,0.00033561902508770313,0.08487022626566944,0.018795147877922313
75%,v4,0.0003376654825577501,0.08406674359452337,0.01767471525196759
75%,v4,0.0003397119400277971,0.0832632623177112,0.016625388775057943
75%,v4,0.00034175839749784405,0.08245978243523293,0.01566143214867598
75%,v4,0.00034380485496789104,0.08165630385228008,0.014799426293865605
75%,v4,0.000345851312437938,0.0820373801280346,0.014435882512141542
75%,v4,0.000347897769907985,0.08306469833801157,0.01454035680635805
75%,v4,0.00034994422737803197,0.08411101666416751,0.01571922148081724
75%,v4,0.0003519906848480789,0.08399178024779502,0.018380900815351296
75%,v4,0.0003540371423181259,0.08105569556696077,0.02423399648849575
75%,v4,0.00035608359978817284,0.07674166464442679,0.031164605578200007
75%,v4,0.00035813005725821983,0.07325358990950816,0.03586024017607804
75%,v4,0.00036017651472826677,0.07278107780862318,0.036614963858891604
75%,v4,0.00036222297219831376,0.07451246813705326,0.03490317397884285
75%,v4,0.00036426942966836075,0.07624385846548333,0.03321223566860359
75%,v4,0.0003663158871384077,0.0779752487939134,0.03154551969983445
75%,v4,0.0003683623446084547,0.07970663912234348,0.02990709762663858
75%,v4,0.0003704088020785016,0.08143802945077357,0.028301910020203793
75%,v4,0.0003724552595485486,0.08316941977920364,0.026735974855372092
75%,v4,0.0003745017170185956,0.08490081010763373,0.02521664153611804
75%,v4,0.00037654817448864254,0.0866322004360638,0.02375289206281002
75%,v4,0.00037859463195868954,0.08836359076449386,0.02235568128013608
75%,v4,0.0003806410894287365,0.09009498109292394,0.021038288897904087
75%,v4,0.00038268754689878347,0.09182637142135401,0.019816621926504793
75%,v4,0.00038473400436883046,0.09355776174978409,0.018709353803583222
75%,v4,0.0003867804618388774,0.09486106824739522,0.017900329651656048
75%,v4,0.0003888269193089244,0.09521242892991216,0.01763038720997346
75%,v4,0.00039087337677897133,0.0946118437973349,0.017936558529951862
75%,v4,0.0003929198342490183,0.09348739668048234,0.01867601547510838
75%,v4,0.0003949662917190653,0.09236294956362978,0.019632546742914425
75%,v4,0.00039701274918911225,0.09123850244677723,0.020776785661747958
75%,v4,0.00039905920665915924,0.09011405707040754,0.022079952916205386
75%,v4,0.0004011056641292062,0.08898961448337922,0.02351584398324697
75%,v4,0.0004031521215992532,0.08786517468569227,0.025061734220122724
75%,v4,0.00040519857906930017,0.08789584544476033,0.025297748284154525
75%,v4,0.0004072450365393471,0.08898325702769076,0.024324449967385246
75%,v4,0.0004092914940093941,0.09065867973325573,0.022869982893987662
75%,v4,0.00041133795147944103,0.09176700405355874,0.022310709469762935
75%,v4,0.00041338440894948803,0.09240659903962631,0.02251012262033923
75%,v4,0.000415430866419535,0.09304619542050047,0.022710453099420807
75%,v4,0.00041747732388958196,0.09368579319618119,0.022911676861840514
75%,v4,0.00041952378135962895,0.09432539199967616,0.023113770642919626
75%,v4,0.0004215702388296759,0.09496499080317111,0.02331671195903456
75%,v4,0.0004236166962997229,0.09475326680584192,0.022462687566737367
75%,v4,0.0004256631537697699,0.09324508840093547,0.020127594212422287
75%,v4,0.0004277096112398168,0.09044045558845172,0.016603752575880776
75%,v4,0.0004297560687098638,0.09468953727131918,0.02041080052615085
75%,v4,0.00043180252617991074,0.10045728248592599,0.025013077567028218
75%,v4,0.00043384898364995773,0.10774369123227219,0.030363114486264497
75%,v4,0.0004358954411200047,0.10793649950390247,0.028770241516494027
75%,v4,0.00043794189859005167,0.10700071551859536,0.02733676741054648
75%,v4,0.00043998835606009866,0.10542143684885942,0.026385809474407714
75%,v4,0.0004420348135301456,0.10431208139904563,0.02623023773446247
75%,v4,0.0004440812710001926,0.10392851010863362,0.026781759023125955
75%,v4,0.0004461277284702395,0.10398923259521549,0.027472100803066446
75%,v4,0.0004481741859402865,0.10449424885879123,0.028220902212632053
75%,v4,0.0004502206434103335,0.10517751324661538,0.0290061358610044
75%,v4,0.00045226710088038045,0.10582839332571661,0.029838385576292762
75%,v4,0.00045431355835042744,0.10644688909609488,0.030715949727582563
75%,v4,0.0004563600158204744,0.10698704628733613,0.0315143914431171
75%,v4,0.0004584064732905214,0.10735040544611568,0.032084893069350306
75%,v4,0.00046045293076056837,0.10753696657243353,0.03242546319416598
75%,v4,0.0004624993882306153,0.10761804300255597,0.03262828792849794
75%,v4,0.0004645458457006623,0.10769911943267838,0.032831881121197296
75%,v4,0.00046659230317070923,0.10778019586280081,0.0330362285642951
75%,v4,0.0004686387606407562,0.10786127229292324,0.03324131634719195
75%,v4,0.0004706852181108032,0.10794234872304567,0.03344713085068363
75%,v4,0.00047273167558085016,0.10802342515316811,0.03365365874105225
75%,v4,0.00047477813305089715,0.10810450158329053,0.03386088696422679
75%,v4,0.0004768245905209441,0.10818557801341296,0.03406880274001672
75%,v4,0.0004788710479909911,0.10826665444353538,0.03427739355642167
75%,v4,0.0004809175054610381,0.10834773087365782,0.03448664716401998
75%,v4,0.000482963962931085,0.10842880730378025,0.03469655157043848
75%,v4,0.000485010420401132,0.10850988373390268,0.034907095034905355
75%,v4,0.00048705687787117894,0.1085909601640251,0.03511826606288816
75%,v4,0.0004891033353412259,0.10867203659414752,0.035330053400817976
75%,v4,0.0004911497928112729,0.10875311302426996,0.0355424460309012
75%,v4,0.0004931962502813199,0.1088341894543924,0.03575543316601973
75%,v4,0.0004952427077513669,0.10891526588451482,0.03596900424472023
75%,v4,0.0004972891652214138,0.10899634231463724,0.03618314892629296
75%,v4,0.0004993356226914607,0.10907741874475967,0.03639785708594046
75%,v4,0.0005013820801615077,0.1091584951748821,0.03661311881003617
75%,v4,0.0005034285376315547,0.10923957160500454,0.03682892439147285
75%,v4,0.0005054749951016017,0.10932064803512696,0.03704526432510074
75%,v4,0.0005075214525716487,0.10940172446524939,0.03726212930325498
75%,v4,0.0005095679100416956,0.10952057324988934,0.03746578717782096
75%,v4,0.0005116143675117426,0.10975049457746483,0.03763008532803825
75%,v4,0.0005136608249817896,0.10990747472027047,0.03750604144860373
75%,v4,0.0005157072824518366,0.109766944601532,0.03685795007007689
75%,v4,0.0005177537399218836,0.10925560403283141,0.035717664591793534
75%,v4,0.0005198001973919304,0.10855746674187408,0.03434060765843905
75%,v4,0.0005218466548619774,0.10785932945091674,0.032983502487707705
75%,v4,0.0005238931123320244,0.1071611921599594,0.03164892302260643
75%,v4,0.0005259395698020714,0.10722454869825135,0.030317046668283186
75%,v4,0.0005279860272721184,0.1076627600209976,0.029108904849417215
75%,v4,0.0005300324847421653,0.10816701641618456,0.027719289757358632
75%,v4,0.0005320789422122123,0.10865155914263541,0.025277573334503457
75%,v4,0.0005341253996822593,0.10897013744462146,0.022350982353342784
75%,v4,0.0005361718571523063,0.10918766985508808,0.01955627437035823
75%,v4,0.0005382183146223533,0.10862842128596284,0.017783392623932703
75%,v4,0.0005402647720924001,0.10782528153776942,0.016344488927187133
75%,v4,0.0005423112295624471,0.10704797902688826,0.01495543663339151
75%,v4,0.0005443576870324941,0.10659379624406928,0.013910293390817568
75%,v4,0.0005464041445025411,0.1064627331893125,0.013202719264003036
75%,v4,0.0005484506019725881,0.10662895307874565,0.012798524670459442
75%,v4,0.000550497059442635,0.10679517436293402,0.01239939771234751
75%,v4,0.000552543516912682,0.10696139704187761,0.012005844847744125
75%,v4,0.000554589974382729,0.1071276206621365,0.011618434243022151
75%,v4,0.000556636431852776,0.10729384428239538,0.011237803507137089
75%,v4,0.000558682889322823,0.10746006790265426,0.01086466620543381
75%,v4,0.0005607293467928699,0.10762629152291314,0.010499822214322227
75%,v4,0.0005627758042629168,0.10779251514317202,0.010144167273575345
75%,v4,0.0005648222617329638,0.10870852860756847,0.008950211723932911
75%,v4,0.0005668687192030108,0.11041719301105207,0.00725127786556696
75%,v4,0.0005689151766730578,0.11293840504548805,0.005808853337773126
75%,v4,0.0005709616341431047,0.11629716606052545,0.006484786799089643
75%,v4,0.0005730080916131517,0.12015187760399738,0.008763321909712709
75%,v4,0.0005750545490831987,0.12379808446563671,0.011690114169246457
75%,v4,0.0005771010065532457,0.12646131439923342,0.014484124506987576
75%,v4,0.0005791474640232927,0.12821182957515465,0.017154484593443344
75%,v4,0.0005811939214933396,0.12918467846574938,0.01920795621140919
75%,v4,0.0005832403789633866,0.12937954212344094,0.020424409766420865
75%,v4,0.0005852868364334335,0.1290248957350795,0.020988787080356154
75%,v4,0.0005873332939034805,0.12867024934671809,0.021597281524453144
75%,v4,0.0005893797513735275,0.12831560295835667,0.022246284068980094
75%,v4,0.0005914262088435744,0.12796095656999526,0.022932363598815158
75%,v4,0.0005934726663136214,0.12781814877004077,0.023487254785822573
75%,v4,0.0005955191237836684,0.128398122301356,0.023324213830429305
75%,v4,0.0005975655812537154,0.12907363831620433,0.022894738339251722
75%,v4,0.0005996120387237623,0.1293818062523424,0.022490238045121312
75%,v4,0.0006016584961938093,0.12881168336690751,0.022692437812631288
75%,v4,0.0006037049536638563,0.12799050850763619,0.023045565241839865
75%,v4,0.0006057514111339033,0.12714668440969876,0.02344376044106611
75%,v4,0.0006077978686039502,0.1262484377114576,0.02392202661770473
75%,v4,0.0006098443260739971,0.12529576841291273,0.02448216647818304
75%,v4,0.0006118907835440441,0.1243113257527303,0.025101565704072213
75%,v4,0.0006139372410140911,0.12332688309254784,0.02574546045921548
75%,v4,0.0006159836984841381,0.12234244043236539,0.026412060613252096
75%,v4,0.0006180301559541851,0.12135799777218292,0.027099691492145542
75%,v4,0.000620076613424232,0.12037355511200049,0.02780679333090875
75%,v4,0.000622123070894279,0.11938911245181803,0.028531918605366885
75%,v4,0.000624169528364326,0.11845198688032914,0.02927767247229412
75%,v4,0.000626215985834373,0.11771036828256919,0.029916683615371302
75%,v4,0.00062826244330442,0.11741262219783584,0.03012926700603546
75%,v4,0.0006303089007744668,0.11751143153743554,0.029908005792380184
75%,v4,0.0006323553582445138,0.11785860641633289,0.02937603380892811
75%,v4,0.0006344018157145608,0.11820578129523024,0.028849342597584687
75%,v4,0.0006364482731846078,0.11855295617412762,0.02832822682104429
75%,v4,0.0006384947306546548,0.11890013128068769,0.027813000040595674
75%,v4,0.0006405411881247017,0.11924730778255482,0.027303996062497213
75%,v4,0.0006425876455947487,0.119594485679729,0.026801569579832315
75%,v4,0.0006446341030647957,0.11994166474454751,0.026306097555607207
75%,v4,0.0006466805605348427,0.12028884380936603,0.02581798019271908
75%,v4,0.0006487270180048897,0.12063602287418454,0.025337642616882556
75%,v4,0.0006507734754749365,0.12098320193900305,0.024865535736853978
75%,v4,0.0006528199329449835,0.12133038100382156,0.024402137294912137
75%,v4,0.0006548663904150305,0.12160494878527418,0.023916462677223266
75%,v4,0.0006569128478850775,0.12183014336914637,0.02343751239074159
75%,v4,0.0006589593053551245,0.12212043037900604,0.02307260058320212
75%,v4,0.0006610057628251714,0.1225484210982191,0.02285194323240235
75%,v4,0.0006630522202952184,0.1230908774410001,0.022745639834919805
75%,v4,0.0006650986777652654,0.12363333378378111,0.02264533452332321
75%,v4,0.0006671451352353124,0.1241757901265621,0.022551107281670358
75%,v4,0.0006691915927053594,0.12471824646934308,0.022463034546436472
75%,v4,0.0006712380501754063,0.12542748766496767,0.022158736575574704
75%,v4,0.0006732845076454532,0.12761742956016806,0.02167860098958049
75%,v4,0.0006753309651155002,0.13104020363439275,0.020889799035585806
75%,v4,0.0006773774225855472,0.1348687619155534,0.019541325205171607
75%,v4,0.0006794238800555942,0.13712621289657773,0.01830680194020103
75%,v4,0.0006814703375256411,0.138116090744377,0.01729744207496585
75%,v4,0.0006835167949956881,0.13853340860066016,0.01697195899141835
75%,v4,0.0006855632524657351,0.1390411421257672,0.016614496144392768
75%,v4,0.0006876097099357821,0.13958362567333837,0.016244813089669814
75%,v4,0.0006896561674058291,0.1401261092209095,0.015875790768236725
75%,v4,0.000691702624875876,0.14066859276848068,0.015507476412706753
75%,v4,0.000693749082345923,0.14182339024810148,0.014544110545738401
75%,v4,0.00069579553981597,0.14358481158769093,0.013089650553515991
75%,v4,0.0006978419972860169,0.14544962663323724,0.011597074622385644
75%,v4,0.0006998884547560639,0.1468055214526907,0.010721165894926494
75%,v4,0.0007019349122261108,0.1478182519829326,0.010629574163083803
75%,v4,0.0007039813696961578,0.14969983900996914,0.011814203354881756
75%,v4,0.0007060278271662048,0.15184846157479548,0.013442731885293583
75%,v4,0.0007080742846362518,0.15378344556906554,0.014874151925075378
75%,v4,0.0007101207421062988,0.15479600036078495,0.015215580403470994
75%,v4,0.0007121671995763457,0.1554879469089585,0.015291569421007846
75%,v4,0.0007142136570463927,0.1561798934571321,0.015520506212880867
75%,v4,0.0007162601145164397,0.15687184000530568,0.0158959439766162
75%,v4,0.0007183065719864866,0.15691115424182658,0.016015610987894103
75%,v4,0.0007203530294565335,0.15616653103636546,0.015807188431028685
75%,v4,0.0007223994869265805,0.1546379703889223,0.015288748503555494
75%,v4,0.0007244459443966275,0.15297810461114983,0.014880398226173671
75%,v4,0.0007264924018666745,0.15131823883337736,0.01467747297321521
75%,v4,0.0007285388593367215,0.1496583730556049,0.014688175684949963
75%,v4,0.0007305853168067684,0.14799850727783245,0.014912063600141669
75%,v4,0.0007326317742768154,0.14633864150006,0.015340132326576286
75%,v4,0.0007346782317468624,0.14482859410430413,0.015849100388002003
75%,v4,0.0007367246892169094,0.14394106454186517,0.016051612359537483
75%,v4,0.0007387711466869564,0.14367605281274315,0.0158854627327662
75%,v4,0.0007408176041570032,0.14388374053492145,0.015402981464337419
75%,v4,0.0007428640616270502,0.14409142825709975,0.014923898300356953
75%,v4,0.0007449105190970972,0.14429911597927805,0.014448551989225702
75%,v4,0.0007469569765671442,0.14450680370145635,0.01397732462373472
75%,v4,0.0007490034340371912,0.14471449142363466,0.013510648156775794
75%,v4,0.0007510498915072381,0.14560780911097634,0.012790159594601929
75%,v4,0.0007530963489772851,0.14727950328187137,0.012128000704847526
75%,v4,0.0007551428064473321,0.14972957393631978,0.011915454486884879
75%,v4,0.0007571892639173791,0.15233560414073966,0.012756420595044511
75%,v4,0.0007592357213874261,0.15477162241043071,0.014259310547392923
75%,v4,0.000761282178857473,0.15637123530029684,0.015378648862032855
75%,v4,0.0007633286363275199,0.1570712297787564,0.015768896455795534
75%,v4,0.0007653750937975669,0.15710483081211987,0.015509424155330112
75%,v4,0.0007674215512676139,0.15713843184548335,0.01525425962817351
75%,v4,0.0007694680087376609,0.15717203287884682,0.015003622653722836
75%,v4,0.0007715144662077078,0.1572056339122103,0.014757743893212733
75%,v4,0.0007735609236777548,0.1572392349455738,0.014516865088385674
75%,v4,0.0007756073811478018,0.15727283597893726,0.014281239186182298
75%,v4,0.0007776538386178488,0.1569622839068453,0.014534184726144431
75%,v4,0.0007797002960878958,0.15615447876050087,0.015494345338203456
75%,v4,0.0007817467535579427,0.15484942053990394,0.01716438975715792
75%,v4,0.0007837932110279896,0.15339126235051,0.019062615992486175
75%,v4,0.0007858396684980366,0.15213082134265257,0.02069154996841573
75%,v4,0.0007878861259680836,0.15136763305099382,0.021624857512241906
75%,v4,0.0007899325834381306,0.1511016974755338,0.02186076191116777
75%,v4,0.0007919790409081775,0.15113529743473608,0.021677887557448774
75%,v4,0.0007940254983782245,0.15116889739393832,0.021499644482776647
75%,v4,0.0007960719558482715,0.15120249735314056,0.021326148764862406
75%,v4,0.0007981184133183185,0.15117780867987632,0.021112029064532235
75%,v4,0.0008001648707883655,0.1509374044913316,0.020735476223589327
75%,v4,0.0008022113282584124,0.1504812847875064,0.02019828292153391
75%,v4,0.0008042577857284594,0.14986773820086716,0.019548043308928908
75%,v4,0.0008063042431985063,0.1492541916142279,0.01890914585659423
75%,v4,0.0008083507006685533,0.14864064502758867,0.01828278127851544
75%,v4,0.0008103971581386003,0.14802709844094944,0.017670283981070543
75%,v4,0.0008124436156086472,0.1474135518543102,0.01707314794316837
75%,v4,0.0008144900730786942,0.14680000526767098,0.016493042886635022
75%,v4,0.0008165365305487412,0.14618645868103175,0.015931829938880617
75%,v4,0.0008185829880187882,0.1455729120943925,0.015391575594050761
75%,v4,0.0008206294454888352,0.14495936550775326,0.014874562278490088
75%,v4,0.0008226759029588821,0.14434581892111406,0.01438329323284202
75%,v4,0.0008247223604289291,0.1437322723344748,0.01392048878135136
75%,v4,0.0008267688178989761,0.14311872574783557,0.01348907046629492
75%,v4,0.000828815275369023,0.14247765277272312,0.013126519750692064
75%,v4,0.00083086173283907,0.1418041938780073,0.012839815788065182
75%,v4,0.0008329081903091169,0.14109834906368812,0.012629221806558264
75%,v4,0.0008349546477791639,0.14038764471823884,0.012460018128729756
75%,v4,0.0008370011052492109,0.1396769403727895,0.012327409429966104
75%,v4,0.0008390475627192579,0.13896623602734018,0.012232576659551974
75%,v4,0.0008410940201893049,0.13825553168189084,0.012176395258856061
75%,v4,0.0008431404776593518,0.13762470706261032,0.012122172309398011
75%,v4,0.0008451869351293988,0.13715654581537745,0.012021782385477221
75%,v4,0.0008472333925994458,0.1368510479401922,0.011862164423769927
75%,v4,0.0008492798500694928,0.1366283337108858,0.011667428545043207
75%,v4,0.0008513263075395397,0.13640561948157942,0.011472823368214445
75%,v4,0.0008533727650095866,0.13618290525227306,0.011278355663994972
75%,v4,0.0008554192224796336,0.13593700488178292,0.011105338405291902
75%,v4,0.0008574656799496806,0.13565610749292203,0.010964719330888216
75%,v4,0.0008595121374197276,0.13534021308569041,0.010856612549589582
75%,v4,0.0008615585948897745,0.13476906896099541,0.010423709540486043
75%,v4,0.0008636050523598215,0.1337866312192043,0.009430086985120071
75%,v4,0.0008656515098298685,0.13239289986031708,0.00789053124584252
75%,v4,0.0008676979672999155,0.13083131372461007,0.00617331709998683
75%,v4,0.0008697444247699625,0.1294138437542519,0.004728151167723521
75%,v4,0.0008717908822400093,0.12848096649501453,0.0039228802174510816
75%,v4,0.0008738373397100563,0.12803268194689787,0.003725967398287885
75%,v4,0.0008758837971801033,0.1279248739445531,0.003913314060377333
75%,v4,0.0008779302546501503,0.12781706594220832,0.004102713155966065
75%,v4,0.0008799767121201973,0.12770925793986357,0.0042938919119392275
75%,v4,0.0008820231695902442,0.12760144993751882,0.004486621881004851
75%,v4,0.0008840696270602912,0.12749364193517407,0.0046807106849300496
75%,v4,0.0008861160845303382,0.1273858339328293,0.0048759954437089205
75%,v4,0.0008881625420003852,0.12727802593048448,0.005072337527545929
75%,v4,0.0008902089994704322,0.12717021792813973,0.005269618347480989
75%,v4,0.000892255456940479,0.12706240992579498,0.005467735963342607
75%,v4,0.000894301914410526,0.12692354919057267,0.00570519443288319
75%,v4,0.000896348371880573,0.1267367596218915,0.006002780951321784
75%,v4,0.00089839482935062,0.1265020412197514,0.006360302684199278
75%,v4,0.000900441286820667,0.12625044671702992,0.006738991104408046
75%,v4,0.0009024877442907139,0.12599885221430845,0.0071178211600334594
75%,v4,0.0009045342017607609,0.125747257711587,0.007496771221400536
75%,v4,0.0009065806592308079,0.12549566320886554,0.007875823850838723
75%,v4,0.0009086271167008549,0.12523123542610637,0.008253944527501752
75%,v4,0.0009106735741709019,0.12492237826414623,0.00862922924147856
75%,v4,0.0009127200316409488,0.12456909172298512,0.009002542869954786
75%,v4,0.0009147664891109958,0.12418420908266076,0.009375671773286779
75%,v4,0.0009168129465810427,0.12379932644233638,0.009751189464674225
75%,v4,0.0009188594040510897,0.123414443802012,0.010128829385115268
